index,dataset,tweet,label,prediction,probability,Segment,WC,Analytic,Clout,Authentic,Tone,WPS,BigWords,Dic,Linguistic,function,pronoun,ppron,i,we,you,shehe,they,ipron,det,article,number,prep,auxverb,adverb,conj,negate,verb,adj,quantity,Drives,affiliation,achieve,power,Cognition,allnone,cogproc,insight,cause,discrep,tentat,certitude,differ,memory,Affect,tone_pos,tone_neg,emotion,emo_pos,emo_neg,emo_anx,emo_anger,emo_sad,swear,Social,socbehav,prosocial,polite,conflict,moral,comm,socrefs,family,friend,female,male,Culture,politic,ethnicity,tech,Lifestyle,leisure,home,work,money,relig,Physical,health,illness,wellness,mental,substances,sexual,food,death,need,want,acquire,lack,fulfill,fatigue,reward,risk,curiosity,allure,Perception,attention,motion,space,visual,auditory,feeling,time,focuspast,focuspresent,focusfuture,Conversation,netspeak,assent,nonflu,filler,AllPunc,Period,Comma,QMark,Exclam,Apostro,OtherP,Emoji
1,sarcasm_ds,Broke : doing assignments in order of due date Woke : doing assignments in order of priority Wired : spending 20 minutes on each class at a time and just go down the list,1,0,0.49427035,1,31,99,,97.57,1.4,31,16.13,90.32,61.29,45.16,0,0,0,0,0,0,0,0,9.68,6.45,3.23,22.58,6.45,3.23,3.23,0,19.35,3.23,3.23,6.45,0,0,6.45,19.35,0,0,0,0,0,0,0,0,0,3.23,0,3.23,0,0,0,0,0,0,0,0,0,0,0,0,0,0,0,0,0,0,0,0,0,0,0,12.9,0,0,9.68,3.23,0,0,0,0,0,0,0,0,0,0,0,0,0,0,0,0,0,0,0,6.45,12.9,0,3.23,12.9,0,0,0,12.9,6.45,0,0,0,0,0,0,0,9.68,0,0,0,0,0,9.68,0
2,sarcasm_ds,"I 'd like to thank middle aged men watching the Olympics for solving the mental health crisis . Getting someone to shout "" get some perspective "" at every athlete struggling with anxiety will definitely solve their problem .",1,0,0.4940624,1,35,97.14,72.87,42.95,1,17.5,31.43,97.14,62.86,42.86,8.57,5.71,2.86,0,0,0,2.86,2.86,14.29,5.71,0,17.14,2.86,2.86,0,0,17.14,2.86,5.71,8.57,0,5.71,2.86,25.71,2.86,17.14,8.57,0,0,2.86,2.86,0,0,11.43,2.86,8.57,2.86,0,2.86,2.86,0,0,0,14.29,5.71,2.86,2.86,0,0,5.71,8.57,0,0,0,2.86,0,0,0,0,5.71,5.71,0,0,0,0,5.71,5.71,0,0,5.71,0,0,0,0,2.86,0,5.71,0,0,0,0,2.86,0,5.71,8.57,2.86,0,2.86,2.86,2.86,0,2.86,0,0,2.86,0,0,0,0,0,14.29,5.71,0,0,0,2.86,5.71,0
3,sarcasm_ds,yeah your girl is fine but does she pass out while giving blood,1,0,0.47492406,1,13,4.85,99,81.58,99,13,0,100,84.62,53.85,15.38,15.38,0,0,7.69,7.69,0,0,7.69,0,0,7.69,15.38,0,15.38,0,30.77,7.69,0,0,0,0,0,30.77,0,7.69,0,0,0,0,0,7.69,0,7.69,7.69,0,0,0,0,0,0,0,0,23.08,0,0,0,0,0,0,23.08,0,0,15.38,0,0,0,0,0,0,0,0,0,0,0,7.69,0,0,0,0,0,0,0,0,0,0,0,0,0,0,0,0,0,15.38,15.38,0,7.69,7.69,0,0,0,7.69,0,15.38,0,7.69,0,7.69,0,0,0,0,0,0,0,0,0,0
4,sarcasm_ds,Sleep ? What 's that ... I 've never heard of it ?,1,0,0.48832673,1,10,1,1,63.35,,3.33,0,80,70,60,40,10,10,0,0,0,0,30,10,0,0,10,0,10,0,10,10,0,0,0,0,0,0,10,10,0,0,0,0,0,0,0,0,0,0,0,0,0,0,0,0,0,0,0,0,0,0,0,0,0,0,0,0,0,0,0,0,0,0,0,0,0,0,0,0,10,0,0,0,0,0,0,0,0,0,0,0,0,0,0,0,0,0,0,10,0,0,0,0,10,0,10,10,0,0,0,0,0,0,0,70,30,0,20,0,20,0,0
5,sarcasm_ds,my favorite gay drama is the social network,1,0,0.46008918,1,8,62.1,1.71,15.38,99,8,25,75,75,37.5,12.5,12.5,12.5,0,0,0,0,0,25,12.5,0,0,12.5,0,0,0,12.5,37.5,0,0,0,0,0,12.5,0,0,0,0,0,0,0,0,0,12.5,12.5,0,0,0,0,0,0,0,0,12.5,0,0,0,0,0,0,0,0,0,0,0,0,0,0,0,0,0,0,0,0,0,12.5,0,0,0,0,0,12.5,0,0,0,0,0,0,0,0,0,0,0,0,0,0,0,0,0,0,0,0,0,12.5,0,0,0,0,0,0,0,0,0,0,0,0,0,0
7,sarcasm_ds,@USER But what were the ratings ? ? ( Replied to his Tweet with the same thing . ),1,0,0.4990458,1,14,76.24,9.23,2.36,,7,14.29,85.71,78.57,64.29,21.43,7.14,0,0,0,7.14,0,14.29,21.43,14.29,0,14.29,7.14,0,7.14,0,7.14,7.14,0,0,0,0,0,21.43,0,14.29,0,0,0,0,0,14.29,0,0,0,0,0,0,0,0,0,0,0,21.43,14.29,0,0,0,0,14.29,7.14,0,0,0,7.14,0,0,0,0,0,0,0,0,0,0,0,0,0,0,0,0,0,0,0,0,0,0,0,0,0,0,0,0,0,0,0,0,0,0,0,0,0,7.14,0,0,7.14,7.14,0,0,0,42.86,7.14,0,14.29,0,0,21.43,0
9,sarcasm_ds,i 've never had protected sex,1,0,0.46420643,1,6,1,1,99,,6,16.67,83.33,50,50,16.67,16.67,16.67,0,0,0,0,0,0,0,0,0,16.67,16.67,0,16.67,16.67,0,0,0,0,0,0,33.33,16.67,0,0,0,0,0,0,0,0,0,0,0,0,0,0,0,0,0,0,0,0,0,0,0,0,0,0,0,0,0,0,0,0,0,0,0,0,0,0,0,0,16.67,0,0,0,0,0,16.67,0,0,0,0,0,0,0,0,0,16.67,0,0,0,0,0,0,0,0,0,16.67,16.67,0,0,0,0,0,0,0,16.67,0,0,0,0,16.67,0,0
11,sarcasm_ds,"The Drew Barrymore Show is an absolute trainwreck . Like The Tony Danza Show , every two minutes is a clip for The Soup .",1,0,0.47923085,1,22,99,,1,,11,18.18,77.27,63.64,50,0,0,0,0,0,0,0,0,31.82,22.73,4.55,9.09,9.09,0,0,0,13.64,4.55,13.64,0,0,0,0,22.73,4.55,0,0,0,0,0,0,0,0,0,0,0,0,0,0,0,0,0,0,0,0,0,0,0,0,0,0,0,0,0,0,0,0,0,0,0,0,0,0,0,0,4.55,0,0,0,0,0,0,4.55,0,0,0,0,0,0,0,0,0,0,4.55,9.09,0,0,0,9.09,0,0,4.55,4.55,9.09,0,0,0,0,0,0,13.64,9.09,4.55,0,0,0,0,0
12,sarcasm_ds,"I see Dettol , Toilet Duck and Zoflora are all trending on Twitter . Now why could that be ... #TrumpPressBriefing",1,0,0.4874997,1,18,4.55,13.82,1.17,,6,22.22,61.11,61.11,55.56,11.11,5.56,5.56,0,0,0,0,5.56,11.11,0,0,5.56,16.67,11.11,5.56,0,22.22,0,5.56,0,0,0,0,27.78,5.56,11.11,0,5.56,5.56,0,0,0,0,0,0,0,0,0,0,0,0,0,0,0,0,0,0,0,0,0,0,0,0,0,0,0,0,0,0,0,0,0,0,0,0,0,0,0,0,0,0,0,0,0,0,0,0,0,0,0,0,0,0,11.11,5.56,0,0,0,5.56,0,0,5.56,0,11.11,0,0,0,0,0,0,33.33,22.22,5.56,0,0,0,5.56,0
15,sarcasm_ds,The contract extension with James Franklin will absolutely work out in Penn State 's favor .,1,0,0.48097885,1,15,98.78,,19.26,97.84,15,26.67,66.67,40,40,0,0,0,0,0,0,0,0,6.67,6.67,0,20,6.67,6.67,0,0,6.67,0,0,0,0,0,0,13.33,0,6.67,0,0,0,0,6.67,0,0,6.67,6.67,0,0,0,0,0,0,0,0,6.67,6.67,6.67,0,0,0,0,0,0,0,0,0,0,0,0,0,6.67,0,0,6.67,0,0,13.33,13.33,0,0,0,0,0,0,0,0,0,0,0,0,0,0,0,0,0,13.33,0,0,13.33,0,0,0,0,0,0,6.67,6.67,0,6.67,0,0,13.33,6.67,0,0,0,6.67,0,0
16,sarcasm_ds,As a woman I dont need hobbies dreams or goals cause I can spend all my time wondering why he didnt text back crying into a bag of doughnuts,1,0,0.48176122,1,29,28.28,1,67.94,20.23,29,10.34,89.66,65.52,51.72,13.79,13.79,10.34,0,0,3.45,0,0,13.79,6.9,0,10.34,10.34,3.45,6.9,6.9,24.14,0,3.45,3.45,0,3.45,0,34.48,3.45,24.14,3.45,6.9,6.9,6.9,0,6.9,0,6.9,3.45,3.45,3.45,0,3.45,0,0,3.45,0,13.79,6.9,0,0,0,0,6.9,6.9,0,0,3.45,3.45,0,0,0,0,6.9,3.45,0,0,3.45,0,0,0,0,0,0,0,0,0,0,3.45,0,0,0,0,0,3.45,0,3.45,10.34,6.9,0,0,6.9,0,0,0,3.45,3.45,6.9,0,0,0,0,0,0,0,0,0,0,0,0,0,0
18,sarcasm_ds,"Sometimes I lay in bed and think about how today will be the day I make my life better . Exercise , drinking water , eating healthy . Then I wake up .",1,0,0.48462793,1,28,35.59,1,99,75.77,9.33,14.29,92.86,71.43,46.43,14.29,14.29,14.29,0,0,0,0,0,7.14,3.57,0,10.71,7.14,7.14,7.14,0,21.43,7.14,3.57,3.57,0,3.57,0,25,0,14.29,7.14,7.14,0,3.57,0,0,0,3.57,3.57,0,0,0,0,0,0,0,0,3.57,0,0,0,0,0,0,0,0,0,0,0,0,0,0,0,3.57,0,3.57,0,0,0,14.29,3.57,0,3.57,0,0,0,7.14,0,0,0,0,0,0,0,0,0,0,17.86,10.71,0,3.57,10.71,0,0,0,14.29,0,3.57,3.57,0,0,0,0,0,17.86,10.71,7.14,0,0,0,0,0
19,sarcasm_ds,Why are toddlers allowed in public spaces,1,0,0.47176972,1,7,56.86,,97.09,,7,28.57,85.71,57.14,42.86,0,0,0,0,0,0,0,0,0,0,0,14.29,14.29,14.29,0,0,14.29,14.29,0,14.29,0,0,14.29,42.86,0,28.57,0,28.57,0,0,0,0,0,0,0,0,0,0,0,0,0,0,0,14.29,14.29,0,0,0,0,0,0,0,0,0,0,0,0,0,0,0,0,0,0,0,0,0,0,0,0,0,0,0,0,0,0,0,0,0,0,0,0,0,0,0,28.57,0,0,28.57,0,0,0,0,0,14.29,0,0,0,0,0,0,0,0,0,0,0,0,0,0
21,sarcasm_ds,"make it illegal to say / write "" Dems in disarray "" on account of it being stupid as fuck",1,0,0.48055863,1,17,95.53,12.77,1.39,1,17,17.65,88.24,82.35,47.06,11.76,0,0,0,0,0,0,11.76,0,0,0,29.41,5.88,0,5.88,0,29.41,11.76,0,5.88,0,0,5.88,11.76,0,5.88,0,5.88,0,0,0,0,0,17.65,0,11.76,0,0,0,0,0,0,5.88,11.76,11.76,0,0,0,0,11.76,0,0,0,0,0,0,0,0,0,5.88,0,0,5.88,5.88,0,0,0,0,0,0,0,0,0,0,0,0,0,0,0,0,0,0,5.88,5.88,5.88,0,0,5.88,0,0,0,0,0,0,0,0,0,0,0,0,17.65,0,0,0,0,0,17.65,0
25,sarcasm_ds,Love it when the milk is out of date when you buy it,1,0,0.46746305,1,13,4.85,98.04,98.89,99,13,0,100,69.23,69.23,23.08,7.69,0,0,7.69,0,0,15.38,7.69,7.69,0,15.38,7.69,15.38,15.38,0,7.69,0,0,0,0,0,0,30.77,0,0,0,0,0,0,0,0,0,7.69,7.69,0,7.69,7.69,0,0,0,0,0,15.38,7.69,0,0,0,0,0,7.69,0,0,0,0,0,0,0,0,7.69,0,0,0,7.69,0,7.69,0,0,0,0,0,0,7.69,0,0,0,7.69,0,0,0,0,0,0,23.08,7.69,0,0,7.69,0,0,0,23.08,0,7.69,0,0,0,0,0,0,0,0,0,0,0,0,0,0
29,sarcasm_ds,My life has gone from ‚Äò drive it like you stole it ' to ‚Äò drive it like your toddler needs the toilet ' .,1,0,0.49525133,1,20,69.05,97.73,28.56,,20,5,90,75,60,30,15,5,0,10,0,0,15,15,5,0,20,5,0,0,0,20,0,0,0,0,0,0,15,0,5,0,0,5,0,0,0,0,0,0,0,0,0,0,0,0,0,0,15,0,0,0,0,0,0,10,0,0,0,0,0,0,0,0,0,0,0,0,0,0,0,0,0,0,0,0,0,0,0,5,0,5,0,0,0,0,0,0,25,15,0,15,0,0,0,0,0,10,10,0,0,0,0,0,0,25,5,0,0,0,10,10,0
35,sarcasm_ds,Only yelled at one person while biking home this evening . Improvement !,1,0,0.47811374,1,11,45.12,86.82,95.15,99,5.5,18.18,90.91,54.55,45.45,9.09,0,0,0,0,0,0,9.09,18.18,0,9.09,9.09,0,9.09,9.09,0,9.09,9.09,9.09,9.09,0,9.09,0,18.18,0,0,0,0,0,0,0,0,0,9.09,9.09,0,0,0,0,0,0,0,0,18.18,9.09,0,0,0,0,9.09,9.09,0,0,0,0,0,0,0,0,9.09,0,9.09,0,0,0,0,0,0,0,0,0,0,0,0,0,0,0,0,0,0,0,0,0,0,18.18,0,0,9.09,0,9.09,0,18.18,9.09,0,0,0,0,0,0,0,18.18,9.09,0,0,9.09,0,0,0
36,sarcasm_ds,"AT & T is truly amazing They think my lg g7 is 3g only to the point where they sent us Walmart Altec phones and said they 'd shut off service . We called them , they told us to not worry and if the phones are fine they would n't be shut off Guess what got shut off this morning ? LOL",1,0,0.49064258,1,59,21.16,96.3,30.14,45.75,19.67,6.78,88.14,69.49,54.24,20.34,16.95,1.69,5.08,0,0,10.17,3.39,6.78,3.39,3.39,10.17,8.47,5.08,5.08,1.69,20.34,3.39,0,5.08,5.08,0,0,23.73,0,11.86,3.39,0,1.69,3.39,1.69,3.39,0,5.08,3.39,1.69,3.39,1.69,1.69,1.69,0,0,0,23.73,8.47,0,0,0,0,8.47,15.25,0,0,0,0,3.39,0,0,3.39,1.69,0,0,1.69,0,0,0,0,0,0,0,0,0,0,0,0,0,1.69,0,0,0,0,0,0,0,6.78,0,0,6.78,0,0,0,1.69,6.78,6.78,0,1.69,1.69,0,0,0,10.17,1.69,1.69,1.69,0,3.39,1.69,0
40,sarcasm_ds,I love how they blur out Tristan 's face in this season of the kardashians LMAO like hmmmm I wonder who that mysterious man is,1,0,0.48207113,1,25,51.7,19.67,99,99,25,12,88,64,56,28,20,12,0,0,0,4,8,12,4,0,16,4,4,0,0,8,0,0,0,0,0,0,20,0,12,8,4,0,8,0,0,0,8,8,0,4,4,0,0,0,0,4,16,4,0,0,0,0,0,12,0,0,0,4,0,0,0,0,0,0,0,0,0,0,8,0,0,0,0,0,0,0,0,0,0,0,0,0,0,0,0,8,12,12,0,0,8,4,0,0,4,0,4,0,8,4,0,4,0,4,0,0,0,0,4,0,0
45,sarcasm_ds,Ca n't wait to sit at my desk for 7 and half hours . Back working harder than me ...,1,0,0.49818563,1,18,89.52,1,99,,9,5.56,88.89,72.22,38.89,11.11,11.11,11.11,0,0,0,0,0,5.56,0,5.56,22.22,0,0,11.11,0,16.67,11.11,11.11,5.56,0,5.56,0,11.11,0,5.56,0,0,0,0,0,5.56,0,0,0,0,0,0,0,0,0,0,0,0,0,0,0,0,0,0,0,0,0,0,0,0,0,0,0,11.11,0,0,11.11,0,0,0,0,0,0,0,0,0,0,0,0,0,0,0,0,0,0,0,0,11.11,11.11,0,0,11.11,0,0,0,11.11,0,0,0,0,0,0,0,0,27.78,22.22,0,0,0,5.56,0,0
47,sarcasm_ds,It 's so weird how I look ugly in photos but I also look ugly in the mirror,1,0,0.4751786,1,18,10.19,1,99,1,18,0,83.33,83.33,55.56,16.67,11.11,11.11,0,0,0,0,5.56,5.56,5.56,0,11.11,0,16.67,16.67,0,11.11,16.67,0,0,0,0,0,16.67,0,11.11,5.56,5.56,0,0,0,5.56,0,11.11,0,11.11,0,0,0,0,0,0,0,0,0,0,0,0,0,0,0,0,0,0,0,0,0,0,0,0,0,0,0,0,0,0,0,0,0,0,0,0,0,0,0,0,0,0,0,0,0,0,5.56,11.11,22.22,11.11,0,11.11,11.11,0,0,0,0,0,0,0,0,0,0,0,5.56,0,0,0,0,5.56,0,0
49,sarcasm_ds,I never feel more empowered than when I 'm listening to ‚Äò this is me ' from camp rock,1,0,0.46379074,1,17,3.11,1,99,,17,11.76,76.47,76.47,64.71,23.53,17.65,17.65,0,0,0,0,5.88,11.76,0,0,17.65,5.88,11.76,11.76,5.88,17.65,5.88,5.88,0,0,0,0,29.41,5.88,11.76,5.88,0,0,0,0,5.88,0,0,0,0,0,0,0,0,0,0,0,0,0,0,0,0,0,0,0,0,0,0,0,0,0,0,0,0,0,0,0,0,0,0,0,0,0,0,0,0,0,0,0,0,0,0,0,0,0,0,0,5.88,11.76,0,0,0,0,5.88,5.88,11.76,0,11.76,0,0,0,0,0,0,17.65,0,0,0,0,11.76,5.88,0
50,sarcasm_ds,I too enjoy making shit up and pretending like I understand basic economic principles HTTPURL,1,0,0.47354877,1,15,59.67,1,93.95,97.84,15,33.33,93.33,66.67,40,13.33,13.33,13.33,0,0,0,0,0,0,0,0,13.33,0,6.67,6.67,0,20,6.67,0,0,0,0,0,20,0,20,6.67,6.67,0,0,0,0,0,13.33,6.67,0,6.67,6.67,0,0,0,0,6.67,0,0,0,0,0,0,0,0,0,0,0,0,6.67,0,0,6.67,6.67,0,0,0,6.67,0,0,0,0,0,0,0,0,0,0,0,0,0,0,0,0,0,0,0,13.33,6.67,0,0,6.67,0,0,0,0,0,6.67,0,0,0,0,0,0,0,0,0,0,0,0,0,0
51,sarcasm_ds,wow this growth spurt is really taking longer than i thought haha,1,0,0.47122896,1,12,10.19,1,99,99,12,8.33,83.33,83.33,41.67,16.67,8.33,8.33,0,0,0,0,8.33,8.33,0,0,8.33,8.33,8.33,8.33,0,25,8.33,8.33,0,0,0,0,33.33,0,25,8.33,0,0,0,8.33,8.33,0,16.67,8.33,0,16.67,8.33,0,0,0,0,0,0,0,0,0,0,0,0,0,0,0,0,0,0,0,0,0,0,0,0,0,0,0,0,0,0,0,0,0,0,0,0,0,0,8.33,0,0,0,0,0,0,0,8.33,0,0,8.33,0,0,0,0,0,8.33,0,16.67,8.33,0,0,8.33,0,0,0,0,0,0,0,0
52,sarcasm_ds,"Aye these vaccines are dangerous to your health like . But see the charlie that you put up your nose at weekends , totally fine .",1,0,0.49666995,1,23,60.52,99,44.75,20.23,11.5,21.74,95.65,78.26,56.52,21.74,13.04,0,0,13.04,0,0,8.7,21.74,4.35,0,17.39,4.35,4.35,4.35,0,13.04,8.7,0,0,0,0,0,17.39,0,8.7,0,0,0,0,4.35,4.35,0,8.7,4.35,4.35,0,0,0,0,0,0,0,13.04,0,0,0,0,0,0,13.04,0,0,0,0,0,0,0,0,4.35,4.35,0,0,0,0,13.04,8.7,4.35,0,0,0,0,0,0,0,0,0,0,0,0,0,4.35,0,8.7,13.04,0,4.35,4.35,4.35,0,0,4.35,0,4.35,0,4.35,0,4.35,0,0,13.04,8.7,4.35,0,0,0,0,0
53,sarcasm_ds,@USER Very nice . We 're now briefly up to date . Hopefully does n't take you so long to do the English release of the new pixie after we get 9.10 .,1,0,0.49674135,1,30,39.7,99,82.8,99,10,13.33,80,70,53.33,10,10,0,6.67,3.33,0,0,0,6.67,6.67,3.33,13.33,6.67,16.67,6.67,0,13.33,10,3.33,6.67,6.67,0,0,26.67,0,3.33,0,0,3.33,3.33,0,0,0,10,10,0,3.33,3.33,0,0,0,0,0,10,0,0,0,0,0,0,10,0,0,0,0,0,0,0,0,0,0,0,0,0,0,0,0,0,0,0,0,0,0,0,0,3.33,6.67,0,0,0,0,0,0,13.33,3.33,0,0,3.33,0,0,0,23.33,0,16.67,3.33,0,0,0,0,0,23.33,13.33,0,0,0,6.67,3.33,0
56,sarcasm_ds,"Using an educator discount , I receive 20 % off Manga at B & N . This is the only reason I am a teacher .",1,0,0.48321775,1,21,89.52,16.63,24.32,,10.5,19.05,85.71,52.38,47.62,14.29,9.52,9.52,0,0,0,0,4.76,19.05,14.29,4.76,9.52,9.52,0,0,0,14.29,0,0,0,0,0,0,28.57,9.52,9.52,4.76,9.52,0,0,0,0,0,0,0,0,0,0,0,0,0,0,0,4.76,0,0,0,0,0,0,4.76,0,0,0,0,0,0,0,0,14.29,4.76,0,4.76,4.76,0,0,0,0,0,0,0,0,0,0,0,0,4.76,0,0,0,0,0,0,0,0,0,0,0,0,0,0,0,0,9.52,0,0,0,0,0,0,23.81,9.52,4.76,0,0,0,9.52,0
57,sarcasm_ds,There is nothing new in an oliver james publication that can't be found elsewhere for free . He 's a leftist living a straight bourgeois life,1,0,0.48473367,1,25,51.7,7.28,85.71,99,12.5,24,76,72,52,8,4,0,0,0,4,0,4,16,12,0,8,12,8,0,8,20,12,0,0,0,0,0,20,4,8,4,0,4,0,0,4,0,8,8,0,0,0,0,0,0,0,0,8,0,0,0,0,0,0,4,0,0,0,4,0,0,0,0,0,0,0,0,0,0,4,0,0,0,0,0,0,0,0,0,0,0,0,0,0,0,0,0,8,20,0,0,20,0,0,0,4,4,8,0,0,0,0,0,0,12,4,0,0,0,8,0,0
58,sarcasm_ds,Might just fuck around and take some horse dewormer for the thrill of if . Maybe I 'll feel something,1,0,0.47103074,1,19,36.67,1,70.28,92.27,9.5,10.53,84.21,78.95,63.16,10.53,5.26,5.26,0,0,0,0,5.26,10.53,5.26,0,15.79,5.26,15.79,10.53,0,21.05,0,5.26,0,0,0,0,26.32,0,26.32,5.26,0,0,21.05,0,5.26,0,10.53,5.26,0,5.26,5.26,0,0,0,0,5.26,0,0,0,0,0,0,0,0,0,0,0,0,0,0,0,0,0,0,0,0,0,0,0,0,0,0,0,0,0,0,0,0,0,5.26,0,0,0,0,0,0,10.53,10.53,0,0,5.26,0,0,5.26,0,0,5.26,5.26,0,0,0,0,0,10.53,5.26,0,0,0,5.26,0,0
61,sarcasm_ds,How bout you dont use a gazillion filters on your pictures,1,0,0.47343928,1,11,20.83,99,5.07,,11,27.27,63.64,63.64,54.55,18.18,18.18,0,0,18.18,0,0,0,18.18,9.09,0,9.09,9.09,9.09,0,9.09,18.18,0,0,0,0,0,0,27.27,0,18.18,9.09,18.18,0,0,0,0,0,0,0,0,0,0,0,0,0,0,0,18.18,0,0,0,0,0,0,18.18,0,0,0,0,0,0,0,0,0,0,0,0,0,0,0,0,0,0,0,0,0,0,0,0,0,0,0,0,0,0,0,0,0,0,0,0,0,0,0,0,0,0,9.09,0,0,0,0,0,0,0,0,0,0,0,0,0,0
63,sarcasm_ds,Not telling anyone how I voted in case it does n't come true #EUref,1,0,0.47481167,1,14,7.34,1,99,,14,7.14,78.57,78.57,50,21.43,7.14,7.14,0,0,0,0,14.29,0,0,0,7.14,7.14,7.14,0,7.14,28.57,7.14,0,0,0,0,0,42.86,0,28.57,7.14,7.14,0,7.14,0,7.14,0,0,0,0,0,0,0,0,0,0,0,14.29,7.14,0,0,0,0,7.14,7.14,0,0,0,0,7.14,7.14,0,0,0,0,0,0,0,0,0,0,0,0,0,0,0,0,0,0,0,0,0,0,0,0,0,0,7.14,14.29,0,7.14,14.29,0,0,0,0,7.14,7.14,0,0,0,0,0,0,14.29,0,0,0,0,7.14,7.14,0
67,sarcasm_ds,also that jacket he wore yesterday i 'm gonna rip my eyes out :/,1,0,0.48233575,1,14,7.34,9.23,72.58,1,14,7.14,78.57,64.29,50,28.57,21.43,14.29,0,0,7.14,0,7.14,14.29,0,0,14.29,7.14,7.14,7.14,0,14.29,0,0,0,0,0,0,21.43,0,0,0,0,0,0,0,0,0,7.14,0,7.14,7.14,0,7.14,0,0,0,0,7.14,0,0,0,0,0,0,7.14,0,0,0,7.14,0,0,0,0,0,0,0,0,0,0,7.14,0,0,0,0,0,0,0,0,0,0,0,0,0,0,0,0,0,7.14,14.29,0,0,7.14,7.14,0,0,7.14,14.29,0,7.14,14.29,14.29,0,0,0,21.43,0,0,0,0,7.14,14.29,0
68,sarcasm_ds,Sitting next to the world 's loudest mouth-breather on the first day of class did a really good job of demystifying grad school for me today,1,0,0.48118624,1,26,99,40.06,94.47,79.29,26,15.38,92.31,57.69,46.15,3.85,3.85,3.85,0,0,0,0,0,15.38,11.54,3.85,19.23,3.85,3.85,0,0,7.69,7.69,7.69,3.85,0,3.85,0,15.38,0,3.85,0,0,0,0,3.85,0,0,3.85,3.85,0,3.85,3.85,0,0,0,0,0,3.85,0,0,0,0,0,0,3.85,0,0,0,0,0,0,0,0,15.38,0,0,15.38,0,0,3.85,0,0,0,0,0,0,0,0,0,0,0,0,0,0,0,0,0,11.54,19.23,0,0,15.38,0,3.85,0,7.69,3.85,3.85,0,0,0,0,0,0,7.69,0,0,0,0,3.85,3.85,0
69,sarcasm_ds,Drop in Center to let people get the 1st or 2nd Vaccine open today . I went thinking I was able to get my 2nd one . Wait in the que 30 mins . sits down arm ready to get ! Sorry your 12hrs to early ! ! ! We can not vacinate you till 56 days ! ! ! @USER #Seriously,1,0,0.49813223,1,52,83.25,51.52,99,,7.43,7.69,94.23,73.08,48.08,11.54,11.54,5.77,1.92,3.85,0,0,0,15.38,3.85,13.46,15.38,3.85,1.92,3.85,1.92,21.15,11.54,11.54,3.85,1.92,1.92,0,21.15,0,9.62,1.92,0,1.92,1.92,1.92,3.85,0,0,0,0,0,0,0,0,0,0,0,9.62,1.92,1.92,0,0,0,0,7.69,0,0,0,0,0,0,0,0,0,0,0,0,0,0,3.85,1.92,1.92,0,0,0,0,0,0,0,0,5.77,0,0,0,0,0,0,11.54,15.38,0,3.85,11.54,0,0,0,11.54,3.85,5.77,3.85,0,0,0,0,0,23.08,5.77,0,0,13.46,0,3.85,0
70,sarcasm_ds,"So I have an exam tomorrow , but likeee if the country is about to turn into a war zone does it really matter ? ?",1,0,0.48871592,1,23,34.72,1.4,99,1,23,8.7,95.65,65.22,60.87,8.7,4.35,4.35,0,0,0,0,4.35,13.04,13.04,0,8.7,13.04,8.7,13.04,0,17.39,0,0,4.35,0,0,4.35,30.43,0,17.39,0,0,0,4.35,4.35,8.7,0,4.35,0,4.35,0,0,0,0,0,0,0,4.35,0,0,0,0,0,0,0,0,0,0,0,0,0,0,0,4.35,0,0,4.35,0,0,0,0,0,0,0,0,0,0,0,0,0,0,0,0,0,0,0,0,13.04,17.39,0,4.35,13.04,0,0,0,4.35,0,8.7,13.04,0,0,0,0,0,13.04,0,4.35,8.7,0,0,0,0
7,sarcasm_ds,@USER Mr Shatner whilst you were sleeping you asked me to join Facebook messenger and then after a polite conversation you then offered me gold necklaces and a singed ( sic ) tee-shirt - you made my Friday night sir ... just awaiting your instructions so I can wire the money ...,1,0,0.4854687,1,47,12.22,98.95,57.41,83.95,23.5,21.28,78.72,59.57,48.94,19.15,19.15,8.51,0,10.64,0,0,0,10.64,6.38,0,4.26,4.26,4.26,14.89,0,12.77,2.13,0,4.26,2.13,0,2.13,17.02,0,4.26,0,2.13,2.13,0,0,0,0,4.26,4.26,0,0,0,0,0,0,0,0,25.53,14.89,4.26,6.38,0,0,6.38,14.89,0,0,0,4.26,0,0,0,0,4.26,0,0,2.13,2.13,0,4.26,0,0,0,0,0,0,0,0,0,0,0,0,0,0,0,0,0,6.38,0,0,0,0,0,0,0,12.77,8.51,2.13,0,0,0,0,0,0,23.4,12.77,0,0,0,0,10.64,0
9,sarcasm_ds,"Tonight @USER dinner I sat by & chatted w / the former chancellor of Ole Miss , a former Miss MS , & the owner of the Miss America pageant Casual .",1,0,0.47935137,1,26,99,40.06,98.89,,26,19.23,84.62,50,30.77,3.85,3.85,3.85,0,0,0,0,0,15.38,15.38,0,11.54,0,0,0,0,7.69,11.54,0,11.54,3.85,0,7.69,15.38,0,7.69,0,0,0,0,0,7.69,0,0,0,0,0,0,0,0,0,0,0,26.92,7.69,0,3.85,0,0,3.85,11.54,0,0,3.85,0,3.85,3.85,0,0,3.85,3.85,0,0,0,0,3.85,0,0,0,0,0,0,3.85,0,0,0,0,0,0,0,0,0,0,0,3.85,0,0,3.85,0,0,0,15.38,15.38,0,0,0,0,0,0,0,26.92,3.85,7.69,0,0,0,15.38,0
11,sarcasm_ds,It was the jerseys,1,0,0.46904227,1,4,26.1,,,,4,25,75,75,75,25,0,0,0,0,0,0,25,25,25,0,0,25,0,0,0,25,0,0,0,0,0,0,25,0,0,0,0,0,0,0,0,0,0,0,0,0,0,0,0,0,0,0,0,0,0,0,0,0,0,0,0,0,0,0,0,0,0,0,0,0,0,0,0,0,0,0,0,0,0,0,0,0,0,0,0,0,0,0,0,0,0,0,0,0,0,0,0,0,0,0,0,25,0,0,0,0,0,0,0,0,0,0,0,0,0,0,0
16,sarcasm_ds,"Wow , can't wait to go into ANOTHER lockdown :face_with_rolling_eyes:",1,0,0.47389627,1,9,66.04,1,99,,9,33.33,77.78,77.78,44.44,11.11,0,0,0,0,0,0,11.11,11.11,0,0,22.22,11.11,0,0,11.11,33.33,0,11.11,0,0,0,0,22.22,0,22.22,0,0,11.11,0,0,22.22,0,11.11,0,0,11.11,0,0,0,0,0,0,0,0,0,0,0,0,0,0,0,0,0,0,0,0,0,0,0,0,0,0,0,0,0,0,0,0,0,0,0,0,0,0,0,0,0,0,0,0,0,0,11.11,22.22,0,11.11,22.22,0,0,0,11.11,0,11.11,0,11.11,0,0,0,11.11,77.78,0,11.11,0,0,11.11,55.56,0
18,sarcasm_ds,Semester has n't even started and I 've already had two breakdowns :) this is gonna be a fun one !,1,0,0.48306352,1,20,3.8,15.75,63.35,99,20,20,85,80,65,10,5,5,0,0,0,0,5,20,5,10,5,25,10,5,0,30,5,10,0,0,0,0,35,0,0,0,0,0,0,0,0,0,10,10,0,10,10,0,0,0,0,0,0,0,0,0,0,0,0,0,0,0,0,0,0,0,0,0,10,5,0,5,0,0,0,0,0,0,0,0,0,0,0,0,0,0,0,0,0,0,0,0,5,0,0,0,0,0,0,0,15,15,10,5,10,10,0,0,0,25,0,0,0,5,10,10,0
24,sarcasm_ds,I 've been laid off ! ! Nice :) ),1,0,0.4742095,1,7,56.86,1,97.09,99,3.5,0,85.71,85.71,42.86,14.29,14.29,14.29,0,0,0,0,0,0,0,0,14.29,14.29,0,0,0,28.57,14.29,0,0,0,0,0,14.29,0,0,0,0,0,0,0,0,0,28.57,28.57,0,14.29,14.29,0,0,0,0,0,0,0,0,0,0,0,0,0,0,0,0,0,0,0,0,0,0,0,0,0,0,0,0,0,0,0,0,0,0,0,0,0,0,0,0,0,0,0,0,0,0,14.29,0,14.29,0,0,0,0,0,28.57,0,0,14.29,14.29,0,0,0,85.71,0,0,0,28.57,14.29,42.86,0
29,sarcasm_ds,Is there a zombie apocalypse going on upper street,1,0,0.47766265,1,9,89.52,,99,,9,11.11,88.89,66.67,44.44,0,0,0,0,0,0,0,0,11.11,11.11,0,11.11,11.11,11.11,0,0,22.22,11.11,0,0,0,0,0,11.11,0,0,0,0,0,0,0,0,0,0,0,0,0,0,0,0,0,0,0,0,0,0,0,0,0,0,0,0,0,0,0,0,0,0,0,0,0,0,0,0,0,11.11,0,0,0,0,0,0,0,11.11,0,0,0,0,0,0,0,0,0,0,44.44,0,11.11,33.33,0,0,0,0,0,11.11,11.11,0,0,0,0,0,0,0,0,0,0,0,0,0
35,sarcasm_ds,"wow , ok , unfollowing now . Was a big fan of putting your left leg in , but just heard about taking your left leg out",1,0,0.45067298,1,23,72.44,95.64,98.67,,11.5,8.7,95.65,73.91,47.83,8.7,8.7,0,0,8.7,0,0,0,13.04,4.35,0,17.39,4.35,13.04,4.35,0,17.39,4.35,4.35,0,0,0,0,13.04,0,4.35,0,0,0,0,0,4.35,0,4.35,0,0,4.35,0,0,0,0,0,0,13.04,4.35,0,0,0,0,0,8.7,0,0,0,0,0,0,0,0,0,0,0,0,0,0,8.7,0,0,0,0,0,0,0,0,0,0,4.35,0,0,0,0,0,0,17.39,26.09,0,4.35,17.39,0,4.35,0,4.35,8.7,4.35,0,13.04,4.35,4.35,0,4.35,17.39,4.35,13.04,0,0,0,0,0
36,sarcasm_ds,mentally I 'm hiding in the walk-in,1,0,0.49216393,1,7,89.52,1,97.09,,7,14.29,71.43,57.14,57.14,14.29,14.29,14.29,0,0,0,0,0,14.29,14.29,0,14.29,0,14.29,0,0,0,0,0,0,0,0,0,14.29,0,14.29,0,0,0,0,0,0,0,0,0,0,0,0,0,0,0,0,0,0,0,0,0,0,0,0,0,0,0,0,0,0,0,0,0,0,0,0,0,0,0,0,0,0,0,0,0,0,0,0,0,0,0,0,0,0,0,14.29,0,0,28.57,0,0,14.29,14.29,0,0,0,0,0,0,0,0,0,0,0,28.57,0,0,0,0,14.29,14.29,0
39,sarcasm_ds,""" I 'm concerned about the environmental impact of my contact lenses , "" says the occasional daily wearer , throwing their Starbucks cup in the test room bin .",1,0,0.47688562,1,25,96.85,19.67,96.32,,25,24,80,52,36,12,12,8,0,0,0,4,0,20,12,0,12,0,4,0,0,4,12,0,0,0,0,0,20,0,12,0,4,0,4,0,0,0,4,0,0,4,0,0,0,0,0,0,8,4,0,0,0,0,4,4,0,0,0,0,0,0,0,0,8,0,4,4,0,0,4,0,0,0,0,0,0,4,0,0,0,0,0,0,0,0,0,0,0,20,0,0,12,8,0,0,8,0,4,0,0,0,0,0,0,24,4,8,0,0,4,8,0
41,sarcasm_ds,every date I go on I get a little scared will be phone swap,1,0,0.49396524,1,14,56.86,1,99,1,14,0,92.86,71.43,50,14.29,14.29,14.29,0,0,0,0,0,14.29,7.14,0,7.14,14.29,0,0,0,28.57,7.14,14.29,0,0,0,0,21.43,7.14,0,0,0,0,0,0,0,0,7.14,0,7.14,7.14,0,7.14,7.14,0,0,0,7.14,7.14,0,0,0,0,7.14,0,0,0,0,0,7.14,0,0,7.14,0,0,0,0,0,0,0,0,0,0,0,0,0,0,0,0,0,7.14,0,0,0,0,0,0,14.29,7.14,0,7.14,7.14,0,0,0,7.14,0,0,7.14,0,0,0,0,0,0,0,0,0,0,0,0,0
43,sarcasm_ds,@USER Would love a cheeky McDonald 's breakfast before a busy day at work would set the day off on the right foot ! :beating_heart: #FancyAMcDonalds,1,0,0.44351342,1,25,99,,1,99,12.5,16,76,56,40,0,0,0,0,0,0,0,0,16,16,0,16,8,0,4,0,8,8,8,8,0,4,4,28,0,12,0,0,12,0,0,0,0,8,8,0,8,8,0,0,0,0,0,4,0,0,0,0,0,0,0,0,0,0,0,0,0,0,0,4,0,0,4,0,0,8,0,0,0,0,0,0,4,0,0,0,0,0,0,0,0,0,0,16,0,0,0,0,0,0,0,16,0,0,0,0,0,0,0,0,28,0,0,0,4,4,20,0
53,sarcasm_ds,I accidentally made butter when trying to whip cream this morning and I think that 's a great representation of how I 've reached my capacity for working from home,1,0,0.49705216,1,30,49.68,1.24,99,72.45,30,20,86.67,63.33,46.67,20,13.33,13.33,0,0,0,0,6.67,13.33,3.33,0,13.33,0,6.67,6.67,0,13.33,3.33,0,6.67,0,6.67,0,23.33,0,16.67,6.67,6.67,3.33,0,0,0,0,3.33,3.33,0,0,0,0,0,0,0,0,0,0,0,0,0,0,0,0,0,0,0,0,0,0,0,0,6.67,0,3.33,3.33,0,0,6.67,0,0,0,0,0,0,6.67,0,0,0,0,0,0,0,0,0,0,3.33,10,0,3.33,10,0,0,0,6.67,6.67,0,0,0,0,0,0,0,6.67,0,0,0,0,6.67,0,0
56,sarcasm_ds,Beautician and the Beast ( 1997 ) . Best Timothy Dalton film of all time .,1,0,0.44623786,1,12,97.04,,3.81,,6,16.67,66.67,41.67,33.33,0,0,0,0,0,0,0,0,16.67,8.33,8.33,8.33,0,0,8.33,0,0,8.33,8.33,8.33,0,8.33,0,16.67,8.33,0,0,0,0,0,0,0,0,0,0,0,0,0,0,0,0,0,0,0,0,0,0,0,0,0,0,0,0,0,0,0,0,0,0,8.33,8.33,0,0,0,0,0,0,0,0,0,0,0,0,0,0,0,0,0,0,0,0,0,0,16.67,0,0,0,0,0,0,0,8.33,0,0,0,0,0,0,0,0,33.33,16.67,0,0,0,0,16.67,0
58,sarcasm_ds,Hailey convinced Tayler that putting a spoon in the microwave to scoop ice cream faster was a good idea,1,0,0.45805326,1,19,99,,99,99,19,15.79,78.95,42.11,36.84,5.26,0,0,0,0,0,0,5.26,21.05,15.79,0,10.53,5.26,0,0,0,5.26,5.26,0,0,0,0,0,15.79,0,10.53,10.53,0,0,0,0,0,0,15.79,15.79,0,5.26,5.26,0,0,0,0,0,5.26,5.26,0,0,0,0,0,0,0,0,0,0,5.26,0,0,5.26,5.26,0,5.26,0,0,0,10.53,0,0,0,0,0,0,10.53,0,0,0,0,0,0,0,0,0,0,5.26,15.79,0,10.53,5.26,0,0,0,5.26,5.26,0,0,0,0,0,0,0,0,0,0,0,0,0,0,0
61,sarcasm_ds,Mental shoot out ends . Silent pause . Sirens start :police_car_light: Always so perfectly timed :oncoming_police_car: :police_car: üëçüèΩ #LineOfDuty #LineofDuty6 #LOD6 #LOD,1,0,0.47865206,1,19,52.34,,93.14,92.27,6.33,31.58,68.42,36.84,21.05,0,0,0,0,0,0,0,0,0,0,10.53,5.26,0,15.79,5.26,0,5.26,10.53,0,15.79,0,5.26,10.53,26.32,5.26,10.53,0,0,0,0,5.26,0,0,5.26,5.26,0,0,0,0,0,0,0,0,0,0,0,0,0,0,0,0,0,0,0,0,0,0,0,0,0,0,0,0,0,0,0,0,0,0,0,0,0,0,0,0,0,0,0,0,0,0,0,0,15.79,10.53,0,0,5.26,0,5.26,0,21.05,0,0,0,0,0,0,0,0,89.47,10.53,0,0,0,0,78.95,10.53
67,sarcasm_ds,@USER thx for the play by play,1,0,0.36434725,1,7,99,,,99,7,0,85.71,42.86,42.86,0,0,0,0,0,0,0,0,14.29,14.29,0,28.57,0,0,0,0,0,0,0,0,0,0,0,0,0,0,0,0,0,0,0,0,0,42.86,42.86,0,0,0,0,0,0,0,0,14.29,14.29,14.29,14.29,0,0,14.29,0,0,0,0,0,0,0,0,0,28.57,28.57,0,0,0,0,0,0,0,0,0,0,0,0,0,0,0,0,0,0,0,0,0,0,0,0,0,0,0,0,0,0,0,0,0,0,14.29,14.29,0,0,0,14.29,0,0,0,0,0,14.29,0
68,sarcasm_ds,"I unsubscribe from being an adult , its not for me",1,0,0.46516398,1,10,39.7,1,98.38,,10,10,90,80,80,30,20,20,0,0,0,0,10,20,10,0,20,10,0,0,10,10,0,0,0,0,0,0,10,0,10,0,0,0,0,0,10,0,0,0,0,0,0,0,0,0,0,0,10,0,0,0,0,0,0,10,0,0,0,0,0,0,0,0,0,0,0,0,0,0,0,0,0,0,0,0,0,0,0,0,0,0,0,0,0,0,0,0,0,0,0,0,0,0,0,0,0,0,0,0,0,0,0,0,0,10,0,10,0,0,0,0,0
22,sarcasm_ds,"Quarantine Day 256 : Dear Ancient Greeks , re : the blanket-wearing ‚Äî I get it . #QuarantineLife",1,0,0.4266968,1,13,74.95,7.93,81.58,99,6.5,30.77,69.23,53.85,23.08,15.38,7.69,7.69,0,0,0,0,7.69,7.69,7.69,7.69,0,0,0,0,0,7.69,15.38,7.69,7.69,7.69,0,0,15.38,0,0,0,0,0,0,0,0,0,7.69,7.69,0,0,0,0,0,0,0,0,7.69,0,0,0,0,0,0,0,0,0,0,0,7.69,0,7.69,0,0,0,0,0,0,0,0,0,0,0,0,0,0,0,0,0,0,7.69,0,0,0,0,0,0,15.38,0,0,0,0,0,0,0,15.38,7.69,0,0,0,0,0,0,0,46.15,7.69,7.69,0,0,0,30.77,0
35,sarcasm_ds,Replace Pelosi #Nancy,1,0,0.4866048,1,3,,,,,3,33.33,33.33,33.33,0,0,0,0,0,0,0,0,0,0,0,0,0,0,0,0,0,33.33,0,0,0,0,0,0,0,0,0,0,0,0,0,0,0,0,0,0,0,0,0,0,0,0,0,0,0,0,0,0,0,0,0,0,0,0,0,0,0,0,0,0,0,0,0,0,0,0,0,0,0,0,0,0,0,0,0,0,0,0,0,0,0,0,0,0,0,0,0,0,0,0,0,0,0,0,0,0,0,0,0,0,0,33.33,0,0,0,0,0,33.33,0
36,sarcasm_ds,Nice to be compared to a brick wall :face_with_tears_of_joy:,1,0,0.4859766,1,9,99,2.75,77.17,99,9,22.22,77.78,55.56,44.44,0,0,0,0,0,0,0,0,11.11,11.11,0,22.22,11.11,0,0,0,11.11,11.11,0,0,0,0,0,11.11,0,11.11,0,0,0,0,0,11.11,0,11.11,11.11,0,0,0,0,0,0,0,0,0,0,0,0,0,0,0,0,0,0,0,0,0,0,0,0,0,0,0,0,0,0,0,0,0,0,0,0,0,0,0,0,0,0,0,0,0,0,0,0,0,11.11,0,0,11.11,0,0,0,0,0,0,0,0,0,0,0,0,66.67,0,0,0,0,0,66.67,0
37,sarcasm_ds,I just love falling up the stairs :expressionless_face:,1,0,0.46436292,1,8,89.52,1.71,99,99,8,25,75,50,50,12.5,12.5,12.5,0,0,0,0,0,12.5,12.5,0,12.5,0,12.5,0,0,0,0,0,0,0,0,0,0,0,0,0,0,0,0,0,0,0,12.5,12.5,0,12.5,12.5,0,0,0,0,0,12.5,12.5,0,0,0,0,0,0,0,0,0,0,0,0,0,0,0,0,0,0,0,0,0,0,0,0,0,0,0,0,0,0,0,0,0,0,0,0,0,0,12.5,25,0,12.5,25,0,0,0,0,0,0,0,0,0,0,0,0,37.5,0,0,0,0,0,37.5,0
41,sarcasm_ds,@USER Neighbours,1,0,0.48083615,1,2,,99,,,2,50,50,0,0,0,0,0,0,0,0,0,0,0,0,0,0,0,0,0,0,0,0,0,50,50,0,0,0,0,0,0,0,0,0,0,0,0,0,0,0,0,0,0,0,0,0,0,50,0,0,0,0,0,0,50,0,0,0,0,0,0,0,0,50,0,50,0,0,0,0,0,0,0,0,0,0,0,0,0,0,0,0,0,0,0,0,0,0,0,0,0,0,0,0,0,0,0,0,0,0,0,0,0,0,50,0,0,0,0,0,50,0
63,sarcasm_ds,Just won 3 cents on HQ words ... early retirement here I come :smiling_face_with_heart-eyes:,1,0,0.45613384,1,13,53.56,7.93,99,99,6.5,15.38,84.62,61.54,30.77,7.69,7.69,7.69,0,0,0,0,0,0,0,7.69,7.69,0,15.38,0,0,15.38,7.69,7.69,7.69,0,7.69,0,15.38,0,0,0,0,0,0,0,0,0,7.69,7.69,0,0,0,0,0,0,0,0,7.69,7.69,0,0,0,0,7.69,0,0,0,0,0,0,0,0,0,15.38,0,0,7.69,7.69,0,0,0,0,0,0,0,0,0,0,0,0,0,0,0,0,7.69,0,0,15.38,15.38,0,7.69,15.38,0,0,0,7.69,7.69,0,0,0,0,0,0,0,69.23,23.08,0,0,0,0,46.15,0
68,sarcasm_ds,Always glad to live in Kent :see-no-evil_monkey: :see-no-evil_monkey:,1,0,0.39709947,1,8,98.55,,99,99,8,25,62.5,62.5,37.5,0,0,0,0,0,0,0,0,0,0,0,25,0,12.5,0,0,12.5,12.5,0,0,0,0,0,12.5,12.5,0,0,0,0,0,0,0,0,12.5,12.5,0,12.5,12.5,0,0,0,0,0,0,0,0,0,0,0,0,0,0,0,0,0,0,0,0,0,0,0,0,0,0,0,12.5,0,0,0,0,0,0,0,0,0,0,0,0,0,0,0,0,0,12.5,25,0,0,25,0,0,0,12.5,0,0,0,0,0,0,0,0,125,0,0,0,0,0,125,0
2,sarcasm_ds,tanning in this heat is an extreme sport,1,0,0.49701306,1,8,89.52,,15.38,1,8,25,100,75,50,12.5,0,0,0,0,0,0,12.5,25,12.5,0,12.5,12.5,0,0,0,25,12.5,0,0,0,0,0,12.5,0,0,0,0,0,0,0,0,0,12.5,0,12.5,0,0,0,0,0,0,0,0,0,0,0,0,0,0,0,0,0,0,0,0,0,0,0,25,25,0,0,0,0,0,0,0,0,0,0,0,0,0,0,0,0,0,0,0,0,0,0,0,25,0,0,12.5,0,0,12.5,0,0,12.5,0,0,0,0,0,0,0,0,0,0,0,0,0,0
3,sarcasm_ds,Did you know ? Abuse and alcoholism and depression will just :sparkles: disappear :sparkles: if the country is opened completely during a pandemic ? #trumpisanidiot #bidenharris2020,1,0,0.49092212,1,24,26.1,64.67,89.39,1,8,41.67,95.83,58.33,50,4.17,4.17,0,0,4.17,0,0,0,8.33,8.33,4.17,4.17,12.5,8.33,12.5,0,20.83,0,0,4.17,0,0,4.17,29.17,0,12.5,4.17,0,0,4.17,4.17,4.17,0,12.5,0,12.5,4.17,0,4.17,0,0,4.17,0,8.33,0,0,0,0,0,0,4.17,0,0,0,0,0,0,0,0,0,0,0,0,0,0,12.5,12.5,4.17,0,8.33,0,0,0,0,0,0,0,0,0,0,0,0,0,8.33,20.83,0,0,12.5,8.33,0,0,4.17,8.33,4.17,4.17,0,0,0,0,0,33.33,0,0,8.33,0,0,25,0
6,sarcasm_ds,breaking my strict buying hiatus to get lisa 's album ? it 's much more likely than you 'd think,1,0,0.47566968,1,19,67.62,40.06,33.61,,9.5,5.26,63.16,57.89,36.84,15.79,10.53,5.26,0,5.26,0,0,5.26,15.79,0,0,10.53,0,0,5.26,0,10.53,21.05,10.53,5.26,0,0,5.26,15.79,0,15.79,5.26,0,0,5.26,0,5.26,0,0,0,0,0,0,0,0,0,0,0,5.26,0,0,0,0,0,0,5.26,0,0,0,0,0,0,0,0,5.26,0,0,0,5.26,0,0,0,0,0,0,0,0,0,0,0,0,10.53,0,0,0,0,0,0,10.53,0,0,0,0,0,0,0,0,0,0,0,0,0,0,0,0,21.05,0,0,5.26,0,15.79,0,0
8,sarcasm_ds,@USER @USER @USER @USER Aware she was not a tennis player when she left Canada at 2 yrs old ? ? aware she did not pick up a tennis racket until 6 years old ? ? . aware last 12 years trained at the same tennis club in Bromley Kent England ? ? the girl is British no haters or doubters will take that away from her,1,0,0.49948213,1,60,73.36,30.77,89.39,6.08,15,8.33,81.67,61.67,41.67,8.33,6.67,0,0,0,6.67,0,1.67,11.67,6.67,5,11.67,6.67,1.67,5,5,10,11.67,3.33,1.67,1.67,0,0,33.33,1.67,13.33,5,0,0,3.33,0,6.67,0,1.67,0,1.67,0,0,0,0,0,0,0,10,1.67,0,0,0,1.67,0,10,0,0,8.33,0,1.67,0,1.67,0,8.33,6.67,0,1.67,0,0,0,0,0,0,0,0,0,0,0,0,0,1.67,0,0,0,0,0,0,6.67,13.33,5,1.67,6.67,0,0,0,11.67,3.33,1.67,1.67,1.67,1.67,0,0,0,18.33,1.67,0,10,0,0,6.67,0
10,sarcasm_ds,"I recovered a repressed memory today of working at @USER in high school 13 years ago & having to answer the phone as ‚Äú we go all out at Kum & Go , this is Shelby . How can I help you ? ‚Äù And the prank calls that led to . Pretty sure K & G owe me therapy .",1,0,0.47544208,1,51,74.58,51.75,90.94,50.31,12.75,7.84,88.24,60.78,49.02,13.73,9.8,5.88,1.96,1.96,0,0,3.92,11.76,5.88,1.96,15.69,5.88,5.88,3.92,0,11.76,3.92,3.92,11.76,3.92,1.96,5.88,21.57,1.96,11.76,3.92,3.92,1.96,1.96,0,0,1.96,5.88,3.92,1.96,0,0,0,0,0,0,0,9.8,5.88,1.96,0,0,0,3.92,3.92,0,0,0,0,1.96,0,0,1.96,7.84,0,0,5.88,1.96,0,3.92,3.92,1.96,0,0,0,0,0,0,3.92,0,0,0,0,0,0,0,0,13.73,7.84,0,3.92,7.84,0,0,0,5.88,3.92,5.88,0,1.96,1.96,1.96,0,0,21.57,5.88,1.96,1.96,0,0,11.76,0
15,sarcasm_ds,@USER Only joking ... keep it real . HR professionals have a life too ... :thinking_face:,1,0,0.4959034,1,13,31.07,,,99,3.25,15.38,76.92,53.85,38.46,7.69,0,0,0,0,0,0,7.69,7.69,7.69,0,0,7.69,15.38,0,0,15.38,15.38,0,0,0,0,0,7.69,0,7.69,0,0,0,0,7.69,0,0,15.38,15.38,0,0,0,0,0,0,0,0,15.38,7.69,0,0,0,0,0,0,0,0,0,0,0,0,0,0,15.38,7.69,0,7.69,0,0,0,0,0,0,0,0,0,0,0,0,0,0,0,0,0,0,0,0,30.77,0,0,0,0,0,0,0,0,0,0,0,0,0,0,0,0,84.62,53.85,0,0,0,0,30.77,0
32,sarcasm_ds,just your casual reminder that #AllBirthdaysMatter and I can't stress this enough :sparkles: fuck trump :sparkles:,1,0,0.4960357,1,16,1,1.71,1.63,1,16,25,87.5,56.25,50,25,12.5,6.25,0,6.25,0,0,12.5,25,0,0,0,6.25,6.25,6.25,6.25,12.5,6.25,6.25,0,0,0,0,12.5,0,12.5,0,0,6.25,0,0,6.25,6.25,12.5,0,6.25,6.25,0,6.25,6.25,0,0,6.25,6.25,0,0,0,0,0,0,6.25,0,0,0,0,0,0,0,0,6.25,6.25,0,0,0,0,0,0,0,0,0,0,0,0,0,0,0,0,0,6.25,0,0,0,0,0,12.5,0,0,0,12.5,0,0,0,0,6.25,0,0,0,0,0,0,37.5,0,0,0,0,6.25,31.25,0
35,sarcasm_ds,you would think the odds of me sitting next to the exact same stinky man three bus trips in a row is highly unlikely . alas I seem to be a lucky gal,1,0,0.49027982,1,32,95.8,58.66,89.39,20.23,16,6.25,84.38,71.88,46.88,9.38,9.38,6.25,0,3.13,0,0,0,15.63,12.5,3.13,12.5,9.38,0,0,0,21.88,12.5,3.13,0,0,0,0,18.75,0,15.63,6.25,0,3.13,3.13,0,3.13,0,6.25,3.13,3.13,0,0,0,0,0,0,0,9.38,0,0,0,0,0,0,9.38,0,0,3.13,3.13,0,0,0,0,0,0,0,0,0,0,0,0,0,0,0,0,0,0,0,0,0,0,0,0,0,0,3.13,0,0,15.63,0,0,12.5,0,0,0,0,0,3.13,0,0,0,0,0,0,3.13,3.13,0,0,0,0,0,0
36,sarcasm_ds,also if u met dream on hypixel .. congrats ! im not jealous at all haha im totally normal haha Good For You .. haha,1,0,0.49467856,1,22,6.68,17.46,50.45,99,5.5,18.18,90.91,81.82,54.55,18.18,18.18,9.09,0,9.09,0,0,0,4.55,0,0,13.64,9.09,9.09,9.09,4.55,13.64,9.09,4.55,4.55,0,0,4.55,27.27,4.55,13.64,0,0,0,4.55,4.55,9.09,0,27.27,22.73,4.55,22.73,18.18,4.55,0,4.55,0,0,18.18,9.09,0,0,4.55,0,0,9.09,0,0,0,0,0,0,0,0,0,0,0,0,0,0,0,0,0,0,0,0,0,0,0,0,4.55,0,0,0,0,0,0,0,9.09,0,0,0,0,0,0,0,0,4.55,9.09,0,18.18,18.18,0,0,0,22.73,18.18,0,0,4.55,0,0,0
42,sarcasm_ds,"You were given the option to be born into a more financially stable family at conception , but chose not to avail yourself of the opportunity provided ; perhaps you should now take personal responsibility for that decision , and deal with the consequences ? ' :top_hat:",1,0,0.48882008,1,42,85.89,88.15,56.69,57.46,21,23.81,92.86,71.43,57.14,9.52,7.14,0,0,7.14,0,0,2.38,14.29,9.52,0,16.67,7.14,4.76,4.76,2.38,16.67,4.76,2.38,4.76,2.38,2.38,0,33.33,0,21.43,4.76,4.76,2.38,4.76,0,7.14,0,2.38,2.38,0,0,0,0,0,0,0,0,14.29,2.38,0,0,0,0,0,11.9,2.38,0,0,0,0,0,0,0,7.14,0,0,4.76,2.38,0,0,0,0,0,0,0,0,0,0,0,0,2.38,0,0,0,2.38,2.38,0,7.14,2.38,0,0,2.38,0,0,0,7.14,11.9,2.38,0,0,0,0,0,0,19.05,0,4.76,2.38,0,2.38,9.52,0
56,sarcasm_ds,it 's too bad i forgot how to play my clarinet so close to my recital,1,0,0.49141094,1,16,5.64,1,99,20.23,16,12.5,81.25,75,56.25,25,18.75,18.75,0,0,0,0,6.25,12.5,0,0,12.5,0,18.75,6.25,0,6.25,12.5,0,0,0,0,0,12.5,0,12.5,6.25,6.25,0,0,0,0,6.25,12.5,6.25,6.25,6.25,0,6.25,0,0,0,0,0,0,0,0,0,0,0,0,0,0,0,0,0,0,0,0,6.25,6.25,0,0,0,0,0,0,0,0,0,0,0,0,0,0,0,0,0,0,0,0,0,0,6.25,6.25,0,0,6.25,0,0,0,0,6.25,0,0,0,0,0,0,0,6.25,0,0,0,0,6.25,0,0
58,sarcasm_ds,"So my Twitter feed has to show me what tweets people I follow like . ... :neutral_face: If I unfollowed you , just know I 'm tired of seeing porn",1,0,0.49169275,1,27,10.19,2.75,92.16,1,13.5,11.11,88.89,66.67,48.15,25.93,22.22,18.52,0,3.7,0,0,3.7,3.7,0,0,11.11,3.7,7.41,7.41,0,18.52,3.7,0,0,0,0,0,7.41,0,7.41,3.7,0,0,3.7,0,3.7,0,3.7,0,3.7,3.7,0,3.7,0,0,0,0,14.81,7.41,0,0,0,0,3.7,7.41,0,0,0,0,0,0,0,0,0,0,0,0,0,0,11.11,3.7,0,0,0,0,3.7,3.7,0,7.41,0,0,0,0,3.7,0,0,0,11.11,7.41,0,0,0,7.41,0,0,0,0,0,7.41,7.41,7.41,0,0,0,33.33,14.81,3.7,0,0,3.7,11.11,0
61,sarcasm_ds,it 's been 20 hours and i want another chai latte with pumpkin cold foam i can't afford this !,1,0,0.4961949,1,19,2.68,1,33.61,,19,10.53,68.42,63.16,47.37,26.32,10.53,10.53,0,0,0,0,15.79,10.53,0,5.26,5.26,10.53,0,5.26,5.26,15.79,5.26,10.53,0,0,0,0,26.32,0,15.79,0,0,10.53,0,0,10.53,0,0,0,0,0,0,0,0,0,0,0,0,0,0,0,0,0,0,0,0,0,0,0,0,0,0,0,0,0,0,0,0,0,0,0,0,0,0,0,0,0,0,0,5.26,0,0,0,0,0,0,0,5.26,5.26,0,0,0,0,0,5.26,5.26,5.26,5.26,0,0,0,0,0,0,15.79,0,0,0,5.26,10.53,0,0
66,sarcasm_ds,"Thinking about that time Blizzard had the brilliant idea to change everyone 's name on their forums to their real names . God , what an idea that was .",1,0,0.4777306,1,27,66.04,99,52.89,77.5,13.5,14.81,92.59,62.96,51.85,22.22,7.41,0,0,0,0,7.41,14.81,22.22,7.41,0,14.81,7.41,3.7,0,0,11.11,7.41,0,0,0,0,0,33.33,3.7,18.52,11.11,3.7,0,0,3.7,0,0,3.7,3.7,0,0,0,0,0,0,0,0,22.22,0,0,0,0,0,0,22.22,0,0,0,0,0,0,0,0,3.7,0,0,0,0,3.7,0,0,0,0,0,0,0,0,0,0,0,0,0,0,0,0,0,0,14.81,0,0,0,0,0,0,0,7.41,7.41,0,0,0,0,0,0,0,14.81,7.41,3.7,0,0,3.7,0,0
