index,dataset,tweet,label,prediction
1,polarity,@USER @USER Hey maybe you can reach the scoreboards and fix their latest issues ,1,1
2,polarity,Thanks @USER for connecting . Always look forward to exchange thoughts n ideas with #entrepreneur working on #green n #sustainability,0,0
3,polarity,@USER BREAKING : #realjournalist bullying major problem in nation 's high schools . ,0,1
4,polarity,What a B.E.A.utiful day in Scotland ! ! :) #rain #gales  lol,1,1
5,polarity,Here comes the universe . #TMLtalk #Leafs,0,0
6,polarity,Plan on using the last 16 % of my battery on listening to @USER @USER get through the day #big ☆ now,0,0
7,polarity,"@USER Nah , I do n't think he says ' f * ck ' enough on that album !  #angryman #oldschool",1,1
8,polarity,Oh this is back in #AdvancedWarfare XD | #JustCODThing HTTPURL,0,0
9,polarity,So kind of occ health to book my tb skin test on my day off uni . I am thrilled ,1,1
10,polarity,"It 's so exciting to see snapchats of everybody 's Christmas dinner , wow . ",1,1
11,polarity,"This has nothing to do with anything at all , but I hate the word "" fleek "" . It sounds like something I 'd name my Neopet .",0,0
12,polarity,"burger king hacking ( 07/13 and 11/13 ) was the weirdest and funniest , definetely ",1,1
13,polarity,@USER yeah that 's it ,1,1
14,polarity,Stay tuned for drunk videos of my mom,0,0
15,polarity,Uhhh can't sleep someone like n I 'll text u my phones dry ass fuck fr #am  # a #boring #person,0,0
16,polarity,67 is such a beauty :unamused_face:  #manitibaprobs,1,1
17,polarity,I am starting to think UK has a pretty good basketball team #BBN ,1,1
18,polarity,@USER I did n't know the severity of what you were charged with . I just read it on the Internet . Praying for you & your wife .,0,0
19,polarity,"Seriously tho if you need me anytime over winter break just shoot me a text . Probably wo n't respond cuz I 'll most likely be eating , but hey",0,0
20,polarity,My #Christmas ritual ... part one . #HowTheGrinchStoleChristmas HTTPURL,0,0
21,polarity,"@USER @USER hitting the big issues , champ . ",1,1
22,polarity,@USER and a strut to boot,0,0
23,polarity,@USER are you looking at the wrong profile picture ?,0,0
24,polarity,Produce all kinds of Creative Designs #hypebeast | HTTPURL HTTPURL,0,0
25,polarity,I seriously loveeeee how much you care ,1,1
26,polarity,@USER please do .. i need the second hand embarrassment so desperatly on my phone ,1,1
27,polarity,Feels so good 2 get off  2 have 2 go straight 2 school though ...,1,1
28,polarity,@USER is it squirt or squat ?,0,0
29,polarity,Ooh ! Someone knows how to click the ' Unfollow ' button . I 'm impressed !  #beforeCoffee HTTPURL,1,1
30,polarity,Went neck deep in a swamp today so that was fun  #chilly,1,1
31,polarity,Good thing y days not ruined ... ,1,1
32,polarity,"Ahhh 7 a.m bedtimes , how I 've missed you  #examproblems",1,1
33,polarity,to have a highway clean up section of highway . people expressed their freedom of speech @USER @USER @USER,0,0
34,polarity,Just found out I have my making babies final on Thursday . Good thing I have so much time to study ,1,1
35,polarity,Mid speech @USER Christmas Lacrosse Ball #flattering  @USER Grand Cafe HTTPURL,1,1
36,polarity,@USER : Men with shaved heads are perceived as an inch taller and 13 % stronger than men with hair . @USER,0,0
37,polarity,@USER @USER in the paper that supported the blackshirts . ,0,1
38,polarity,@USER did you get fat on your honeymoon ?,0,0
39,polarity,"@USER Be more narrow with that knife , you might just find the target to answer that . -Sarcastic .",0,0
40,polarity,@USER Being doing projects for university all day ! My life is sooooo interesting ,1,1
41,polarity,What ? ! ? The 4 team playoff picked by 16 people did n't solve schools still being pissed ? ! ? I 'm so shocked !  #CFBPlayoff,1,1
42,polarity,my life wo n't be complete until I meet @USER :two_hearts:,0,0
43,polarity,Perty sunrise #fs100 timelapse of the mountain HTTPURL,0,0
44,polarity,UK PM making sure child abusers are brought to justice . I can assume people will be brought to justice  #lies HTTPURL,1,1
45,polarity,Bet that was #limbs in the Sunderland end,0,0
46,polarity,"I 'm actually kinda surprised that people still say "" NOT ! "" after an ' ironic ' statement . ",1,1
47,polarity,I 've definitely caught my sisters flu . Feeling a chesty cough brewing and it 's the best start to the week . TGIM ,1,1
48,polarity,working a double on 2 hours of sleep here we go let 's get it ,1,1
49,polarity,A burned tongue is a lovely way to start the day  #ouch,1,1
50,polarity,Perfect time to get really sick  :tired_face: :face_with_medical_mask:,1,1
51,polarity,@USER @USER Money 4 Church | HTTPURL APP PAYS you ! | See-http :/ / t.co/RDlRuGN0iE | Go 2 : HTTPURL,0,0
52,polarity,Funny Annoying You Men 's Tee HTTPURL Great for family reunions ! #funny  #tees,1,1
53,polarity,@USER @USER @USER Oh wow your talking Skype ! Cool ! ,1,1
54,polarity,"Good job @USER ... "" @USER : Same-sex marriage harms free speech , new Ontario judge wrote in 2012 HTTPURL "" ",1,1
55,polarity,@USER wants me to get hit by a bus so she can get a 4.0 #bestroomieaward ,1,1
56,polarity,Still time 2 enter my @USER sample #giveaway on my @USER channel ! Check it out here HTTPURL #modere #bbloggers #beauty,0,0
57,polarity,"Thank you to all of the lovely people who come to work sick , or come to eat sick .. I appreciate your germs ... ",1,1
58,polarity,"Hehehehe "" @USER : @USER @USER what a shame  """,1,1
59,polarity,Just loveeee driving upstate in the snow ,1,1
60,polarity,I 'm so pissed off at Chicago . Like the people at the airport ruined so many peoples chances of ever meeting the boys :expressionless_face: :expressionless_face: :expressionless_face: . Way to go ,1,1
61,polarity,Gotta love #EMC 's latest feature on the VNX side .  HTTPURL,1,1
62,polarity,I love procrastinating but I hate cramming .. - _ - ,0,1
63,polarity,Ca n't wait until this weekend is over ... then no more Xmas parties ! ! ! #HateSchmoozing,0,0
64,polarity,Eeeek cinema date with the boo this weekend :see-no-evil_monkey: :two_hearts:,0,1
65,polarity,"But nooooo we have religious freedoms , no one ever gets controlled or oppressed by a dominant religion ",1,1
66,polarity,i just enjoy throwing up  #hatethis #sick #wanna #go #to #school #for #once #take #me #away,1,1
67,polarity,Indian Urdu Daily Advocates Murdering Apostates After Extremist Hindu Groups Convert Muslims : The First ... HTTPURL,0,0
68,polarity,"The counter argument ... RT @USER : If OSU lost last night , Baylor would be in & we 'd all be talking about benefits of no Big 12 champ .",0,0
69,polarity,Suppose I best move my arse to the #gym . Anything to put off wrapping presents :confused_face: :wrapped_gift: #christmas #chore,0,0
70,polarity,2 and half hour walk #Proud,0,0
71,polarity,Chenua Achebe - when things fall apart,0,0
72,polarity,"@USER that 's where you are wrong , I can just watch his films and not follow him on Twitter .",0,0
73,polarity,"Ceeeeebz work , allow dat ting fam",0,0
74,polarity,NEW #HipHop MUSIC : > @USER - Crack Music : HTTPURL #JerseyCity #NJ #NY #BirthOfAWinner,0,0
75,polarity,JLPT tomorrow . I am feeling vaguely confident . But just vaguely .,0,0
76,polarity,So which beauty 's can get me some followers then :speak-no-evil_monkey:,0,0
77,polarity,Last day of the working week and let 's see just how bad it can get ! #positive ,1,1
78,polarity,"Amen :folded_hands: ... I love this ! If you did n't plan , then it 's your problem :winking_face_with_tongue: #truth  emergency @USER Pearl ... HTTPURL",0,0
79,polarity,"@USER @USER Yes , fountain jumping sounds like a great January activity . ",1,1
80,polarity,so glad I came to work at 7:30 am for all the customers that are here ! ! !  #itsdead,1,1
81,polarity,Wish she could have told me herself . @USER #nicolescherzinger #OneLove #myfav #MyQueen :red_heart: :red_heart: HTTPURL,0,0
82,polarity,"@USER @USER hahaha good 1 , you might own a stadium then rather than the local council ;)",0,0
83,polarity,"@USER @USER No , it is n't . WR 's are dime a dozen and completely replaceable . Which is why the Packers wo n't overspend to retain him .",0,0
84,polarity,Love the fact I 'm sick on my birthday ,1,1
85,polarity,It 's not even 9 and I 've already called the cops twice .. Damn I love my job :unamused_face: ,1,1
86,polarity,Cold or warmth both suffuse one 's cheeks with pink ( colour / tone ) ... Do you understand the underlying difference & its texture ?,0,0
87,polarity,What do you all think of that Salt-N-Pepa Geico commercial ? I think it 's pretty terrible .,0,0
88,polarity,I 'm fricken peachy today ! ! ,1,1
89,polarity,. @USER @USER Woot woot ! Whiteboard Friday 's are my favorite Friday activity !,0,0
90,polarity,Welll helllo fever . Id say 103 is feelin real good today ,1,1
91,polarity,"Dear Dr . Diaz , gravity does not exist , Einstein got it wrong . I wrote a book explaining my theory , let me know if you want to read it ",1,1
92,polarity,"I love getting woken up by my body just to say "" I know you were comfortable sleeping .. But here 's something you do n't want anyway "" ",1,1
93,polarity,"@USER Gonna miss @USER , @USER , @USER and others , but at least we got Howie Kendrick ...  Stoked #WTF",1,1
94,polarity,@USER @USER sounds like flat 8 are having a wonderful morn ! | #HAH  #WOTWOT,1,1
95,polarity,@USER that 's my Saturday night entertainment ...,0,0
96,polarity,@USER nice . We make it in a pot with butter & Himalayan salt . Sometimes with infused salts for a change .,0,0
97,polarity,Going to the Rec tonight . #beingproductive,0,0
98,polarity,I liked a @USER video HTTPURL NEW Chocolate Bar Palette Review | Semi Sweet vs . Original,0,0
99,polarity,#bibotour & #champwithin founder @USER on @USER w / dancers Ricky & Gracey #chicago #women,0,0
100,polarity,@USER @USER @USER All the more reason for it . Competition breeds innovation & the consumer wins .,0,0
101,polarity,"James Burke Connections , Episode 7 A Special Place : HTTPURL via @USER #This is  / - \ #DRILL <()>",0,0
102,polarity,I 'm really excited for tomorrow because that means the assignments and responsibilities of today will be over .,0,0
103,polarity,Day 2 . Going to the DR for # 2 cause I 'm 99.9999999 % sure she has strep #awesome ,1,1
104,polarity,When you return in kind then so called friends label you as being unkind . :),0,0
105,polarity,@USER @USER ikr ! ! This is not a true Battlefield game ! :/ | . | . | . | . | | ,1,0
106,polarity,"Dad and step mom bitching at each other , now it 's Christmas :smiling_face_with_smiling_eyes: :Christmas_tree: :face_with_steam_from_nose:  #ugh",1,1
107,polarity,@USER miss u I 'm leaving on 7th so ... Need to see you before I go :weary_face: :weary_face: :weary_face:,0,0
108,polarity,Hafeez 's slider is TOO much of a mess . Bowling it from ' back-of-the-palm ' & that too at ~ 90kph require EXTENSION HTTPURL,0,0
109,polarity,Yay for early morning protestors !  #heavyamountsofsarcasm,1,1
110,polarity,3 hours sleep yay loving life ,1,1
111,polarity,@USER yup it must be good to be ivy league Educated because it does alot of good ,1,1
112,polarity,@USER I was tempted but I did n't want to one-up your tats with mine,0,0
113,polarity,"There 's no such thing as "" too much ammo """,0,0
114,polarity,I love running on 3 hours of sleep ..  #ijustwannasleep :confused_face:,1,1
115,polarity,If someone could come give me a massage that would be gr8,0,0
116,polarity,Glad to know my friends are supportive ,1,1
117,polarity,.. and another HTTPURL  #freelesson #english #esl #tesl @USER,1,0
118,polarity,"My teacher just gave me an "" I feel sorry for you look "" I must look really adorable ... ",1,1
119,polarity,@USER @USER #Dirt  its not your country !,0,0
120,polarity,Just got yelled at by proxy . It 's going to be an excellent day . ,1,1
121,polarity,"@USER oh brother , the bar for journalism is very high these days  @USER why do you follow such retards ?",1,1
122,polarity,My Com professor keeps talking about Twitter . | | Lel,0,0
123,polarity,Chasing my dog though the house  fun,0,1
124,polarity,@USER I hardly think @USER give a shite about the fans tbh,0,0
125,polarity,Women do some crazy ass shit just to be with a guy and the least they can do for her is break her heart ! |  all but some .,0,0
126,polarity,"I 'll tell you what , those CEACCP books make a cracking bonfire , do n't they ? #frca #freedom",0,1
127,polarity,@USER I 'll snap at you if you tell me what to do again ! | :face_with_tears_of_joy:  #funnyGuy,1,1
128,polarity,Senate Just Confirmed a New Cabinet Member That Has 2nd Amendment Supporters Furious - The Senate confirme ... HTTPURL,0,0
129,polarity,@USER Why do n't you Tarmac all the speed humps in The Cut in 1 go instead of bit by bit as the brickwork disintegrates ! |  :rocket: Science,0,1
130,polarity,Now gonna enjoy this day with my babies ! ! :victory_hand:,0,0
131,polarity,"your delusion that people are being killed "" cuz Obama black "" is the myth @USER @USER @USER @USER @USER",0,0
132,polarity,It 's so easy to focus on what 's at hand when you have a million other thoughts running through your mind at the same time . ,1,1
133,polarity,@USER he def came out the closet on that AND 1 dunk #rudygay,0,0
134,polarity,@USER @USER Putting 123 between Muhammad and Ali ? I find your own twitter ID quite blasphemic and offending ,1,1
135,polarity,I have plans . I feel sick . What a surprising turn of events . ,1,1
136,polarity,@USER left out blue bin as per calendar but not lifted . Checked your website and it indicates green bin  happy,0,0
137,polarity,@USER lol of course it 's the best ! ! ,1,1
138,polarity,This chap seems to be a bit of an over sexed out going extrovert ... Must be his overly masculine voice and demeanor . ,1,1
139,polarity,@USER * kisses you cheek * that 's enough . im not a love bot .,0,0
140,polarity,What an awesome performance by the Choral students @USER tonight ! They 're developing young stars of the future right here in #yeg !,0,0
141,polarity,H3N2 = Hospital Hard on #badincentives #flu #healthcare #finance #SPS,0,0
142,polarity,@USER I 'm truly at peace ,1,1
143,polarity,"studying up on narcissism . the more I read up , the more I 'm afraid I have this disorder ! ! #centeroftheuniverse ",1,1
144,polarity,@USER @USER journalism at its best ,1,1
145,polarity,"@USER : Things to complain about on Christmas day . I have a pimple in my ear "" @USER #ThanksObama ""  #LegitReasonToComplain",1,1
146,polarity,"Just a hunch here , but I think Steven Gerrard is leaving , possibly going to the MLS  #hesnodeed",1,1
147,polarity,"Whenever I get sad about how things are going now , I just think of how awesome the future looks to be . #secondsemester #drumcorps #college",0,0
148,polarity,@USER  a #chance #till #January ! #this is so good #you always make me #smile,0,0
149,polarity,lol drunk mom on Christmas is so fun ...  #thisisadisaster :smiling_face: :water_pistol: :cocktail_glass:,1,1
150,polarity,Shoes on make-up done ! I 'm ready ,1,1
151,polarity,Oh look - wrapping presents is SO easy ... here 's the video to prove it ! ! ! | HTTPURL,0,0
152,polarity,. @USER @USER oh look an Audi driver breaking the law ... how strange ,1,1
153,polarity,Not this room please I do n't want this,0,0
154,polarity,#almajmoua participating in the 4th #CSR forum #lebanon #togetherwegrow -for-profit #microfinance #supporting ... HTTPURL,0,0
155,polarity,Me when I think I can do a cartwheel !  HTTPURL,1,1
156,polarity,"@USER IKR ? ! do n't you see ? he 's gonna cry from his utter joy of being with that crybaby ! Such a beautiful "" couple "" ",1,1
157,polarity,Nothing like waking up to the sweet sounds of your cat trying to chew the shoelaces off your husband 's new boots ,1,1
158,polarity,... except we have no hot water . Naturally no one would be in the office to take my call . I fucking hate it here .,0,0
159,polarity,Such a fun day in the lib studying Econ for 14 hours .. can't wait to do it again tomorrow  #ThisIsMiserable,1,1
160,polarity, Bad Idea When You climb on the mountain HTTPURL,0,0
161,polarity,2a TL shows Lester 's 6 / $ 155m deal 's a hit Boston  - Wish all announcements were made when parties involved least coherent sarcasm,1,1
162,polarity,Corey Brewer looks like he is ready to not be in Minnesota anymore ... You can see it all over his body language . #TradeBait,0,0
163,polarity,Uh-oh . Better head for the hills . #storm #clouds #seekshelter HTTPURL,0,0
164,polarity,What I did for my food at the Spanish party !  HTTPURL,0,1
165,polarity,@USER : One day I want to travel with my bestfriend :globe_showing_Asia-Australia: :airplane: HTTPURL DONE DID TRAVELED DA WORLD ! ! @USER :red_heart:,0,0
166,polarity,I 'm so afraid . ,1,1
167,polarity,Ah yes . Just what I wanted today - a pounding migraine . ,1,1
168,polarity, feeling well,0,0
169,polarity,"@USER Aww , you poor thing , I feel so bad for you being in sunny Florida . I do n't know how you can handle it !  ;)",1,1
170,polarity,. @USER Alert the media ! Some guy on twitter has un-cited proof that evolution is wrong ! Let 's get his Nobel prize ready ! ,1,1
171,polarity,Good thing I 'm scared of clowns and my kindergarten teacher was dressed as one today . :expressionless_face: ,1,1
172,polarity,Sitting in this hall is fun ! ! :unamused_face: ,1,1
173,polarity,@USER @USER @USER YES ! Vote for SATAN ( @USER ) in 2016 ! ! ! ,1,1
174,polarity,Andrew Luck is some kind of QB ... Wowzers . #INDvsCLE,0,0
175,polarity,HTTPURL #TeenAnalCasting #She She sucked me dry !,0,0
176,polarity,@USER public hammering the Steelers all week . Juicy .,0,0
177,polarity,Sipping a chicken Cuppa soup and watching #Jezza how exciting ,1,1
178,polarity,love is bliss ... ,1,1
179,polarity,Reunited with my pump this morning . #yay  :persevering_face:,1,1
180,polarity,@USER this Friday  lit,0,0
181,polarity,#Christmas  #been #the #best @USER West Monkseaton HTTPURL,0,0
182,polarity,HTTPURL Dont mess with a #Ninja ! #KO HTTPURL,0,0
183,polarity,Dentists oh the joy ,1,1
184,polarity,@USER You seriously bought a giant TV to play in the box ?,0,0
185,polarity,I 'm knitting a scarf . Yes . Knitting . A scarf . Because manual dexterity and I like knitting . Problems ?,0,0
186,polarity,"Country music & photo editing , my type of morning :sun: :musical_notes:",0,0
187,polarity,work should be fun today  :unamused_face:,1,1
188,polarity,@USER nah dude my buddy puked all over steak and shake,0,0
189,polarity,Dark grass does  rustle . HTTPURL . com #brakiest by #MonsterMMORPG #mt121 HTTPURL,0,0
190,polarity,Love scooping feed bunks before we can feed calves ,1,1
191,polarity,"First final of the day done , only three more to go . #greatscheduling  #incaseyoucanttell",1,1
192,polarity,#America #continues to show us that it is  here for #BlackPeople even though HTTPURL,0,0
193,polarity,Oi na how am I functioning right now #sleepdeprived,0,0
194,polarity,@USER I have the box set of The Complete Steptoe and Son . That should cheer you up ,1,1
195,polarity,@USER does n't get more #indiefilm than #miboxzombie HTTPURL :-),0,0
196,polarity,"not speaking he do not like comedy , it was spoken jokingly of his assassination that is  funny guys and gals ... ( 2/2 )",0,0
197,polarity,@USER reminds of me of myself when i was younger | | ,1,1
198,polarity,@USER Whoa ! I hope Dione Taylor got a standing ovation for that performance . Incredible voice .,0,0
199,polarity,@USER bruhh I just saw a license plate that had the letters FDB :face_with_tears_of_joy:,0,0
200,polarity,Studying history ; reading #gameofthrones |  #asongofice & fire,1,1
201,polarity,Some #tblightning action along the boards at @USER in #Tampa #fuji #x30 #boltssocial #bethethunder HTTPURL,0,0
202,polarity,Today is already shaping up to be fabulous ,1,1
203,polarity,@USER @USER not bad for a kid from Az . Hockey does n't work in the desert . ,0,1
204,polarity,The sky looks SO beautiful today ...  HTTPURL,1,1
205,polarity,#But #Buy #Couch #Enveloppe #If #Its  #HomeDecor | Please RT : HTTPURL HTTPURL,0,0
206,polarity,Drinking an 925 IPA by @USER @USER Ground Control - - HTTPURL #photo,0,0
207,polarity,Always forget how good the F . E . A . R is by Ian Brown :headphone: #singingoutloud #TUNE,0,0
208,polarity,"Canny wait to get my new phone , sneaks and clothes on thursday #payday #would #be #rude  #too",0,0
209,polarity,I literally get to pamper myself all day tomorrow and get cray with Julia and Raven in the Bay . #whatmorecouldaguyaskfor,0,0
210,polarity,"Buzzing about going home tonight , back for a month",0,0
211,polarity,I wish it was January already ... Not because of school but because I 'm having major withdrawals #Arrow  fair wtfwasthat,0,0
212,polarity,Well it 's always a good time losing at the Bay ...  @USER @USER @USER,1,1
213,polarity,"@USER @USER I wish son . like I said , twitter , wit on twitter and the magic of photos that are  3D = smoke and mirrors effect .",0,0
214,polarity,@USER really showing me the fastest LTE around  #speedtest HTTPURL,1,1
215,polarity,@USER would wear this #proudly ... size #NZ hahaha,0,0
216,polarity,@USER I think it was the hotel owners ...,0,0
217,polarity,LoL game over Napoli win and they are better then Juve,0,0
218,polarity,@USER @USER do you wanna cry ? That 's how you cry . Omg,0,0
219,polarity,@USER haha quite right mate ! They coonty workers have got it aff easy Al tell ye ! Oot here workin like a hamilton accie :person_wearing_turban:  :face_with_tears_of_joy: :face_with_tears_of_joy:,1,1
220,polarity,Iiiiiiii have the best boyfriend everrrrrrrrr .,0,0
221,polarity,"@USER @USER @USER this is shallow af , stop discriminating eyes , all eyes are beautiful . ",1,1
222,polarity,@USER to you too . :) :thumbs_up:,0,0
223,polarity,@USER @USER I can't remember the last time I saw a newish GTi and have only ever seen 1 Golf R . What has changed ?,0,0
224,polarity,"@USER Autoincorrect strikes again . "" ... than it 's worth . "" ",1,1
225,polarity,What do you call a Chinese millionaire ?,0,0
226,polarity,Learned to play 3 string notes on the guitar #pro  #idiot,1,1
227,polarity,#great  # A #All #Burst #Christmas #diy #crafts | Please RT : HTTPURL HTTPURL,1,0
228,polarity,@USER yeah stressed isnt the word could easily punch someone in the face right now :smirking_face: :oncoming_fist: :oncoming_fist:,0,0
229,polarity,I need to do something legendary this winter break,0,0
230,polarity,I love how I 'm completely wide awake ,1,1
231,polarity,Absolutely appalling service once again from @USER Ca n't wait for the rise in fares next month  #excuses #joke,1,1
232,polarity,So glad i work mornings now ,1,1
233,polarity,LUV when my hair is frozen :grinning_face_with_big_eyes: ,1,1
234,polarity,@USER thanks for the wake up wrap and coffee this morning ! ! #CheapBastard ,1,1
235,polarity,I feel the most comforted when the misinformed are the most vocal .  #pleasedontspeak,1,1
236,polarity,@USER I 'll bring it to work . The hoops one is a hit HTTPURL,0,0
237,polarity,"Salt n Peppa 's Geico commercial is literally the best , ever . Only one that beats it is Hump Day .",0,0
238,polarity,Read at HTTPURL the news ' #Middle #East #updates # / #Assad : #US-led #airstrikes  #serious #or #efficient ',0,0
239,polarity,@USER @USER @USER #WatchOutForThis | Hold the line,0,0
240,polarity,. @USER I love the #gamergate concept of harassing and spamming porn at any critics as proof that you 're not a hate group . ,1,1
241,polarity,Jeez it 's a lovely morning out ! ! :dashing_away: :droplet: :sweat_droplets: :thumbs_down:  #Ireland #December,1,1
242,polarity,I swear . I can  stand little fucking girl . I want to punch her in the fucking face . Bitch needs to go home for real .,0,0
243,polarity,#Libby #Lane #appointment : #Women #bishops #debate  #over : The appointment of the Reverend Libby Lane as the ... HTTPURL,0,0
244,polarity,Waa mockingjay part 2 tahon depan meh 20 Nov 2015 wtvr Night at the museum 3 #mustwatchb4decemberendssobssobs HTTPURL,0,0
245,polarity,@USER @USER Because Bill makes too much money making speeches now and he 's so honest :) ,1,1
246,polarity,"@USER Hi ! I have just received a photo of my dear parcel from China , amazing he is travelling around the world ! ! ",1,1
247,polarity,@USER oh mature girls ,1,1
248,polarity,"soon , stop , wtf , and omg are deff my fav things to hear :face_with_tears_of_joy: ",1,1
249,polarity,@USER I moved here from north Jersey and was a big Rangers fan until the Coyotes came to town . Where are you from ?,0,0
250,polarity,girls put so much effort in dressing nice for school .. I 'm over here in my oversized sweats and vans #maybetomorrow ,1,1
251,polarity,Lol ! I m enjoying it :women_holding_hands: #Talks #Crazyness #SheNeverLeft  sleepy ! ! :smiling_face:,0,0
252,polarity,@USER Gotta love those racially based awards ! ,1,1
253,polarity,".. @USER : Keeping the big channels big , and the little channels irrelevant since 2014 . #GoodJob ",1,1
254,polarity,Nit pick at every little thing guys . Keep doing that . That 'll show the team you 're behind them . ,1,1
255,polarity,@USER kabhi I 'm messier than usual messy wesay :persevering_face: I need chai & I 'm resting for last 2 days . May be this is the reason .,0,0
256,polarity,I just earned the ' Photogenic Brew ( Level 21 ) ' badge on @USER ! HTTPURL,0,0
257,polarity,My bed time stories are awesome  #theyllgiveyounightmares #ohwell #youaskedforit,1,1
258,polarity,"HTTPURL #GapeLand #Super-sweet Super-sweet Lilli is simply adorable with her all-leg , …",0,0
259,polarity,Today I 'll lecture on CRM investments & shareholder value ... So excited ...  :smirking_face: I 'm sleepy :sleeping_face:,1,1
260,polarity,The shadowy Investigatory Powers Tribunal says tapping of major Internet cables OK . That 's alright then .  HTTPURL,1,1
261,polarity,Just great when you 're mobile bill arrives by text ,1,1
262,polarity,My secret name is lizard squad . I like to ruin people 's fun time . Follow and rt to a billion and you 'll have fun . #psn  #giveitup,1,1
263,polarity,American Kids starting playing and now I 'm super missing #summer2k14 #kennychesney,0,0
264,polarity,Ariana Grandes makeup is always sooo flawless :speak-no-evil_monkey:,0,0
265,polarity,Full on man flu just in time for a weekend of work ! ! #awesome  #coldandflu,1,1
266,polarity,Casper the friendly ghost on 2 levels ! #thingsmichelleobamathinksareracist,0,0
267,polarity,"@USER "" Dirk 's got a lot of moves I 'm trying to steal . "" - Kevin Durant on his one-legged fadeway",0,0
268,polarity,"#HybridCloud needs hybrid monitoring ... monitor Azure , plus apps and dbs , from SCOM HTTPURL",0,0
269,polarity,The routine texting irks my nerves the most but I guess it 's the thought that count  #needAnewRoutine,1,1
270,polarity,Shhhhhh ... nobody move ... they 're playing a NON-electronic game together ... NICELY ! ! ! ... HTTPURL,0,0
271,polarity,Still can't believe my teammate is engaged ! #Holymoly #RingBySpring #TurnUpppp @USER,0,0
272,polarity,@USER oh lordy ! Eating out was the hardest or going to someone 's place . Esp as I do n't eat meat . * eye roll * what can we feed her ?,0,0
273,polarity,Hahahhaha that really made me jelouse ,1,1
274,polarity,Oh it 's just Skrillex no big deal .. I see him on the daily ..  #skrillex #rave #edm ... HTTPURL,1,1
275,polarity,Fucked up .  in the mood at all,0,0
276,polarity,@USER @USER sounds like #Cubs wo n't have room for Lester battery mate David Ross .,0,0
277,polarity,"do n't knw how to react everytime sum 1 says me being in a wheelchair "" inspires "" them ! im just living they same you are dude",0,0
278,polarity,. @USER yeah . Tones are the most obvious things in tweets . ,1,1
279,polarity,@USER is so funny rn :grinning_face_with_sweat: ,1,1
280,polarity,"Looking for @USER practitioners ... Anyone out there , or recommendations ?",0,0
281,polarity,@USER The Raiders are . I guess we 'll see how things play out tonight .,0,0
282,polarity,Just got the message I need to start working at another location . Brilliant !  now rushing towards second location . Oh god I hate Mondays,1,1
283,polarity,@USER lol :beaming_face_with_smiling_eyes: .. Will let my kids know when they get up in the morning .. Thanks for the tip,0,0
284,polarity,@USER @USER Time to listen to ppl complain bout their lot in life bec they cudnt make themselves anything ? ? ? Yay ! ! ! ,1,1
285,polarity,@USER Frisky at 2am ? That 's nothing new . ,0,1
286,polarity,"By @USER "" :fire: :fire: :fire: @USER Gears up to release its next issue :SOON_arrow: ' Wifey Series ' with #covermodels ... HTTPURL",0,0
287,polarity,@USER @USER trading a SP for a defense-only SS ? Brilliant trade . ,1,1
288,polarity,@USER @USER we all know how well we did under Erickson . ,1,1
289,polarity,@USER yes mother as you wish ,1,1
290,polarity,@USER Presumably you have evidence to back this claim and it 's not simply a feeling you have based on your interactions . ,1,1
291,polarity,day 3 : sun | but it 's not sunny today :cloud: | #DecemberPhotoChallenge #france #sun #or  #today #day3 ... HTTPURL,0,0
292,polarity,Catching up on the RHOA ! ! ! #love the drama,0,1
293,polarity,@USER so I gave up and am now heading for bed orz,0,0
294,polarity,Isabelle sends me the nicest texts  :persevering_face: :confounded_face: :broken_heart:,1,1
295,polarity,Well @USER I watched'Making of ' clip about Drive Rescored . Now I see how easily composers do it !  HTTPURL #,1,1
296,polarity,@USER @USER he 's the detective ! ! ! lol  #OrTypeCast,1,1
297,polarity,Listening to the rain in bed #Peacefull :umbrella_with_rain_drops: :sweat_droplets: :droplet: :sweat_droplets:,0,0
298,polarity,A SMILE is a smile is a smile is a smile is a SMILE IS A MILLION PEOPLE STARING AT YOUR PISSED PANTS MANIC LAUGHTER smile,0,1
299,polarity,"Read at HTTPURL the news ' #Media #Struggle #to #Save #Obama ,  #the #Country '",0,0
300,polarity,just pulled up to school for the first time in my life in a good mood only to find out it doesnt start for another 2 hours  #BLESSED,0,1
301,polarity, going HTTPURL,0,0
302,polarity,Thank you Aidyn and Adele for getting me sick . ,1,1
303,polarity,Follow > @USER now for great tweets about starting an online shop ! HTTPURL StartOnlineHere,0,0
304,polarity,"@USER : So happy I got an offer from Trinity Laban , I 'd take Greenwich over Leeds any day leeds is where it 's at :woman_dancing: :raised_hand: ",1,1
305,polarity,Waking up with your cat attacking your hand is always delightful ... ,1,1
306,polarity,"@USER my mom told me not to do it , but I 'm fine",0,0
307,polarity,"The ultimate "" How to "" book ... HTTPURL",0,0
308,polarity,@USER @USER @USER too much of that herb . New trend of potheads contributing to society maybe ? Darn that ,1,1
309,polarity,Just a @USER article re : a robot arm you can control with your mind . Meh . Nothing huge .  #science HTTPURL,1,0
310,polarity,@USER @USER not knowing that it was about covering the points has n't kept us from winning two weeks and almost winning a 3rd .,0,0
311,polarity,I hate when random people get in the hot tub with me #favthings  HTTPURL,1,1
312,polarity,okay back to studying for math final,0,1
313,polarity,"@USER sorry , missed off my  tag from the end of my tweet",0,0
314,polarity,Why do I have to have a good game then a bad game and then a good game then a bad game again . :expressionless_face: :enraged_face:,0,0
315,polarity,A new year about to start | So many people came so many went | But always wat 's gone is better .,0,0
316,polarity,"Accidentally breaking your own computer when your tech support ! Haha , talk about employee of the month  #techSupport :laptop: :floppy_disk: :water_pistol:",1,1
317,polarity,@USER you could probably just call or text her that information . #allcelebritiesarefriends ,1,1
318,polarity,Jimi Agbaje is a fine man ... in respect to public service what notable landmark has he achieved ?  Tested | Jimi ... HTTPURL,0,1
319,polarity,"I was doing great with this summary of my year until I got to June 27th , and the weekend of @USER ' s birthday . #rivertrip #groupchat",0,0
320,polarity,Gotta love the sound of rain beating against the window on Christmas Day ..  #whereswinter,1,1
321,polarity,thankful our stat teacher is dropping the lowest quiz @USER #lifesaved ,1,1
322,polarity,Huge for @USER RT @USER Congrats to today 's #12DaysOfChristmasSweatersContest winner @USER ! HTTPURL,0,0
323,polarity,You really know how to treat a girl ,1,1
324,polarity,"Yeah , the prom is the most important event in your life ",1,1
325,polarity,"BM "" gives me "" from 3 pm to 8 pm with my son today , that 's fair huh ?  !",1,1
326,polarity,Over on CBS at noon is #BALvsMIA . FOX has #SEAvsPHI after the #Saints . #NFL,0,0
327,polarity,Photo : Abstract Tribal Bubble Jumpsuit Size : s-xl Cost : $ 39.99 HTTPURL,0,0
328,polarity,@USER @USER really ? My respect for feminist / womens movements is through the roof .  !,1,1
329,polarity,Perfect time to get sick :crying_face: ,1,1
330,polarity,330am benedryl runs for an allergic reaction to a drug which literally saves millions of lives every year . #yippee #happiness ,1,1
331,polarity,Hearing gun shots when I first wake up makes me feel like I 'm in Compton . What a wonderful way to wake up . :red_heart:  #imscared,1,1
332,polarity,A #Sagittarius will always chase what they want until they get it .. | #keepgoing HTTPURL,0,0
333,polarity,i literally love when someone throw me in at the deep end  #tough #life,1,1
334,polarity,"@USER add some "" Your Baby Can Read "" DVDs ... ya know ... just in case lol :smirking_face:",0,0
335,polarity,make up hours sound fun . ,1,1
336,polarity,"Race 5 at Sandown dogs tonight sponsored by "" Dandenong Budgie Club "" | Hope that 's a joke . | Love a seat at that table  #nerds #getalife",1,1
337,polarity,Gotta record my favorite show Tamar & Vince season finale ! ! ! :purple_heart:,0,0
338,polarity,There 's nothing like almost rear-ending someone because they slam on brakes for no reason to get you alert and ready for an exam ! ! ,1,1
339,polarity,36 hours no food no drink going strong  #givemeabrew :folded_hands: :loudly_crying_face: :hot_beverage:,1,1
340,polarity,@USER Yeah no I 'm still laughing . It 's not even that funny and I 'm still laughing,0,0
341,polarity,Went to check on 10 cause it was way late for sleeping and BAM she was never here . Why did no1 find it important to tell me this ? ? ?,0,0
342,polarity,lol has his website been suspended again ? @USER @USER,0,0
343,polarity,"@USER If it 's a "" Blue Ribbon Panel "" , then it will be all good . ",1,1
344,polarity,So excited for a whole new episode RHOA love this show ! ! !,0,0
345,polarity,She can get it raw ! ! !,0,0
346,polarity,"@USER @USER @USER Yes , and conventional taxis drive verrrry safely . #pfft ",1,1
347,polarity,Great way to start of the day ,1,1
348,polarity,"Went off the road this morning as did my English professor , thank you FSU for your concern for commuters  :unamused_face:",1,1
349,polarity,A chunk of my hair got stuck in the blow dryer and I had to cut it out ... That 's always fun ..  :expressionless_face:,1,1
350,polarity,Being mom tonight was both refreshing and a real tbt,0,0
351,polarity,#sorry  #sorry I always do this ... #cant #help #it #im #an #asshole #like #that HTTPURL,0,0
352,polarity,13 voice mails at work is always lovely ,1,1
353,polarity,"If BJPee hv balls , do dare to lift ristrictions 2mro ahead of Modi 's #Kashmir visit , Kashmiris wl show u how much thy love #Modi . | ",1,1
354,polarity,Oh this will end well .  RT @USER : Military-Style Tech Finds Way Into School District Safety Measures HTTPURL,1,1
355,polarity,@USER Ca n't wait to play the #BFHardline Beta with you XD #Epic,0,0
356,polarity,@USER @USER @USER His tweet in the context of his history is what makes it a clear bait .,0,0
357,polarity,How do we end up talking ? .. oh wait .. we do n't talk .. whooops #cutestcouple ,1,1
358,polarity,Used my brains and stopped drinking at 8 and been on the tea feeling sober and good .. Bring on tomorrow :face_blowing_a_kiss: :face_blowing_a_kiss:,0,0
359,polarity,love studying for anatomy :beating_heart: ,1,1
360,polarity,i 'm so funny ,1,1
361,polarity,But it 's time to face the truth ... I will never be with you,0,0
362,polarity,A #Meme for your #Monday ! #MemeMonday #Obama #Obamacare #AcidReflux  #StandUpShot #JokeoftheDay #Comedy HTTPURL,0,0
363,polarity,@USER will tweet you when I 've got it back up and running .,0,0
364,polarity,I come up with some ridiculous scenarios in my head :thought_balloon:,0,0
365,polarity,"@USER wow , that is some fluent finnish ",1,1
366,polarity,Final projects ugh | Keeping me from being productive . |  #butnotreally,1,1
367,polarity,@USER @USER @USER #whoISshe LOLOL ! !,0,0
368,polarity,#finalsweekgotmelike Ugh . Make it stop . #finals #finalsweek #EWU HTTPURL,0,0
369,polarity,History check anyone know what this is ? HTTPURL,0,0
370,polarity,I can see it in your eyes .. #Kingofpop #mjackson #michaeljackson #invicible #breakofdawn #king #is  #dead :purple_heart: ... HTTPURL,0,0
371,polarity,@USER I 'll check it out . :-),0,0
372,polarity,@USER No clue what you were talking about ? Well that 's a first ! ,1,1
373,polarity,Wickedly ignorant bout Black Americans see racism in everything '  a figment of their imagination #Cannot be trumped by J'can hypocrisy #NNN,0,0
374,polarity,"None of the big , disruptive innovations in our lives have come out of brainstorming . - Bruce Nussbaum HTTPURL",0,0
375,polarity,@USER Fact we have a liberal school system . Yes I 'm conservative.No that does not make me racist . ( before you accuse me of that ),0,0
376,polarity,Someone needs to stop me before I kill someone :enraged_face: love waking up in the worst fcking mood ,1,1
377,polarity,Love working hard trying to fix other people 's fuck ups ,1,1
378,polarity,Just ordered 10 new pairs of underwear from Victoria Secret :smiling_face_with_heart-eyes: #yay,0,0
379,polarity,"@USER @USER so basically the only storyline for Caroline Forbes in this season is called "" Stefan "" , great ! ",1,1
380,polarity,Saturday selfies miss you guys @USER @USER jessica 101xxx mark 8 :face_blowing_a_kiss: :face_blowing_a_kiss: :face_blowing_a_kiss: kiss each and one ... HTTPURL,0,0
381,polarity,Perfect way to start off my morning ,1,1
382,polarity,"@USER @USER YES ! I do this all the time . It 's such an easy thing to do , I do n't why this is n't common knowledge .",0,0
383,polarity,Off to bed can't wait to feel this hangover . | ,1,1
384,polarity,save your work folks . i 'm offically cntrl-alt-deleting this week .,0,0
385,polarity,@USER @USER the only scary Bollywood film I 've watched is Bhootnaath ,1,1
386,polarity,Long Gold Layered Pipe Necklace Set $ 20 | Leave email for invoice HTTPURL,0,0
387,polarity,Throwing up is exactly what I want to be doing at 7:30 am ... :face_with_medical_mask: :face_with_medical_mask: :face_with_medical_mask: ,1,1
388,polarity, just our problem - The Express Tribune HTTPURL,0,0
389,polarity,"Dear Manila , I 'm with your traffic twin - Bangkok ! yahooo  @USER Sirat Express way HTTPURL",1,1
390,polarity,The American justice system :thumbs_up: :raising_hands: :clapping_hands: ,1,1
391,polarity,Good morning hank its saturday im starving,0,1
392,polarity,Nice to see Dwight yorke being his normal impartial self as usual #villalovein  #AstLei #lcfc,1,1
393,polarity,"@USER yup gotta keep up with my "" frantic party lifestyle "" . ",1,1
394,polarity,"Pepe 's hair RT @USER : Palacio 's hair ... "" @USER : Ronaldo hair .. "" @USER : Messy hair :heart_suit: """,0,0
395,polarity,@USER @USER Until he becomes the most loved athlete in his new city .,0,0
396,polarity,Love hanging out with my dad,0,0
397,polarity,@USER @USER Ya I remember when winning one regular season game was like a super bowl ,1,1
398,polarity,HTTPURL Having sooo much fun in math  :face_with_tears_of_joy: #math #class #drawing #music #eye #snowflake #flo ... HTTPURL,1,1
399,polarity,Solid leg day :flexed_biceps: felt great and hit my max for 2 . Ca n't wait to squat 315 !,0,1
400,polarity,Interesting stats . PO 's are good ! The bad apples ruin it for all . | HTTPURL #tcot #Ferguson #EricGarner,0,0
401,polarity,"@USER People who commit crimes , resist cops , or attack cops are endangering their own lives . No respect for law or other people .",0,0
402,polarity,"Gotta love when you shake someone 's hand and they shiver ... It 's official , I have death hands and it is now winter ! #coldhandswarmheart ",1,1
403,polarity,"@USER Personal protection , 2nd amendment . Nothing to see here .  #SMFH",1,1
404,polarity,cias #eu #europ Conselho Europeu 18-19 Dezembro 2014 - Click here for more up-to-date information on the Euro ... HTTPURL,0,0
405,polarity,"If your local theater has a physical marquee with letters that can be rearranged , it 's your duty to change them all to "" The Interview . """,0,0
406,polarity,#SocialMedia Where it 's perfectly normal to talk to people in pictures ! ,1,1
407,polarity,work Wednesday-Sunday .. #yay  #moneytho :weary_face: :loudly_crying_face: :money_bag: :unamused_face:,1,1
408,polarity,Coming to the conclusion that Apple IS Skynet #terminator #apocalypseiscoming #warofthemachines,0,0
409,polarity,Image via We Heart It HTTPURL #boy #funny #girl # K #mad  #ok HTTPURL,0,0
410,polarity,It 's a Christmas miracle ! | |  HTTPURL,1,1
411,polarity,@USER the resemblance is uncanny !  #firefly @USER HTTPURL,1,1
412,polarity,@USER where 's me boots  happy,0,0
413,polarity,I am extremely excited to know what Reza Aslan and CJ Werleman think about what happened in Pakistan #PeshawarAttack ,1,1
414,polarity,I 'm officially on Twitter ! ## sure what to do after all these pound signs ? ! ? !,0,0
415,polarity,@USER how do you like that loss son ?,0,0
416,polarity,I just love 160 question tests in the morning . ,1,1
417,polarity,Well on a positive note if I can stay awake for another hour I can go get my blood work done ! #positivenote fun stuff ,1,1
418,polarity,Absolutely great having no lesson from half 10 until half 3 today  #zzzz,1,1
419,polarity,"Thanks mom for all those lovely words , you just love to let me know how proud you are of me |  #wordshurt",1,1
420,polarity,#Palestinian #Authority - - #Abbas #trades #stalemate for #confrontation in #ICC #move . HTTPURL via @USER,0,0
421,polarity,"@USER : Never ending , pointless , no cunt wins , tit for tat . Zero accountability and hunners of finger pointing . ",0,1
422,polarity,why is there a hotdog on | HTTPURL ? ? ?,0,0
423,polarity,"Song of the Day : "" The Lights and Buzz "" - Jack 's Mannequin .",0,0
424,polarity,@USER it 's a ,0,0
425,polarity,Come on #OrionLaunch - it 's 1am in Australia . Us down-under #geeks need * some * sleep,0,0
426,polarity,The spicy cali roll is just cali roll with a dab of sauce on it W T F,0,0
427,polarity,@USER @USER @USER no duh . ? Is will owners fire Goodell for it ? My guess he gets a raise  #GoodellMustGo,1,1
428,polarity,No . Its actually not Friday . Today we proudly present ☆ Sunday ~ ! ☆ So ... GO ENJOY YOUR SUNDAY .,0,0
429,polarity,@USER try Naheed akhtar & nayyara noor too . gOLD stash .,0,0
430,polarity,@USER A lot of ingredients . More specifically ... Like a lot a lot,0,0
431,polarity,I should get out of bed now lol,0,0
432,polarity,just another day as a lovely comcast subscriber .  #neverworks @USER @USER @USER HTTPURL,1,1
433,polarity,Looking forward to mine and the boyfriends 2nd Christmas together ! ! :face_blowing_a_kiss: :raising_hands: :two_hearts:,0,0
434,polarity,"On page 35 of 357 of Hogfather , by Terry Pratchett HTTPURL",0,0
435,polarity,Ohhh the joy of getting pulled over :green_heart:  HTTPURL,1,1
436,polarity,I just love working on Christmas and spending it alone 6 hours away from my family ! ,1,1
437,polarity,That was one long walk :OK_hand: :OK_hand: :OK_hand: #GoMe HTTPURL,0,0
438,polarity,"@USER So we can see Reigns do a lame superman punch & a spear ? Gee , can't wait ! #RAW ",1,1
439,polarity,"@USER @USER the cop also had prior misconduct charges . But , ya know , that 's ok ",1,1
440,polarity,Successful morning doing my essay ...  #ChristmasShopping,1,1
441,polarity,Platoon strategy ain't so bad . I mean we are a 7 line army .  #mets,1,1
442,polarity,"But instead , I 'm scrolling through Facebook , Instagram , and Twitter for hours on end , accomplishing nothing . ",0,1
443,polarity,This long drive home later in the snow is gonna be shweeeet ,1,1
444,polarity,Oh how I love listening to Fox News in the background while opening presents . ,1,1
445,polarity,"@USER mostly LRS stores , just depends on who gets what . I 'd say I tend to split between @USER & @USER",0,0
446,polarity,What an eventful day ...  :victory_hand:,1,1
447,polarity,@USER & @USER cut a promo then @USER states he 's facing @USER oh yay ! ! ,1,1
448,polarity,... but then it started itself and made the Windows noise . So starts this exciting day of mine ... ! ,1,1
449,polarity,"@USER @USER , . #coalition  fit for purpose . #Labour can and will sort it .",0,0
450,polarity,@USER I need a spot for my birthday,0,0
451,polarity,@USER not always . They 've found them in $ 500k homes,0,0
452,polarity,And you just skip my TBH ? Do you not like me so much as to just erase me from your life or something ? #awesome  :face_with_steam_from_nose:,1,1
453,polarity,"Honking at me whilst you drive past - so romantic , it makes me want to trace you through your number plate and be with you forever ",1,1
454,polarity,Fun fact : I have a color guard rifle named Stitch after I got stitches from it plus Stitch is my fav !,0,0
455,polarity,Cooper 's been busy today  HTTPURL,1,1
456,polarity,"I feel faint after chasing a whippet and Lily , Libby , Gabby , Millie the cats who were playing chase in the garden #AintItFun  ! ! fun",1,1
457,polarity,@USER try your luck tom ! You can be one of the 20 free passers and makatanggap ng free item from david . Okay na yun tas uwi haha,0,0
458,polarity,"Video : By @USER "" @USER #wifeyseries Drops Today , with #covermodels @USER and ... HTTPURL",0,0
459,polarity,My favorite dreams are the ones where you wake up covered in tears . ,1,1
460,polarity,@USER u might b d bigest fan of srk but i find u better actor than him  sayng it just fr sayng but realy mean it #expression king,0,1
461,polarity,Loadshedding again ! eissh Wonder if Eskom & Cell C have partnered up ? Both get paid but their services suck ! ! #dialinginthedark ,0,1
462,polarity,@USER @USER Progressive socialism & liberalism must push the victim hood idea in order to continue .,0,0
463,polarity,What I learned today ? ? ? You can choose to live a fearless life . #iam #fearfree  #fearfull,0,1
464,polarity,I love waking up and not being able to sleep anymore :) ,1,1
465,polarity,Ready for the tax final ,1,1
466,polarity,chicks be really pimping more then males these days  #the #look #yallknowthatsnotcoolright ?,0,0
467,polarity,"I often worry that wealth does n't have enough influence in society , so pleased to see this being addressed  HTTPURL",1,1
468,polarity,@USER @USER can't even bring myself to read this #rip,0,0
469,polarity,#Australia - - Eight #children #killed in Australia in #reported #mass #stabbing . HTTPURL via @USER,0,0
470,polarity,@USER excited for 2015 its gonna be a good year for music ur gonna smash it #Ed :microphone:,0,0
471,polarity,"@USER Hey , now . Her profile says "" I Heart Jesus "" so she can't be all bad .  @USER @USER",1,1
472,polarity,@USER There 's a surprise . ,1,1
473,polarity,Thx for catching on #urock ,1,1
474,polarity,What a great person you are . ,1,1
475,polarity,@USER @USER thanks for plan c two weeks in a row ! Getting rid of exotic engrams is also an amazing move ! ,1,1
476,polarity,Are sororities upset that their sisters are making their organizations look bad or that the world sees how some of them act ? #SororitySisters,0,0
477,polarity,Responsibility = the ability to respond | To control yourself and be in charge of your life,0,0
478,polarity,Extending trade and not telling the people about the extended trade . Best idea ever ! ,1,1
479,polarity,Good thing we have an ace like Clay Bucholz who is proven to be durable and consistent ... HAHA . ,1,1
480,polarity,One of many reasons I dislike #Alabama fans . #auburn #RollTide #myass #jakellmitchell HTTPURL,0,0
481,polarity,Westbrook 16 points on 42 shots ok ok I see you working ,1,1
482,polarity,@USER wow .. she really touched them with that tweet . ,1,1
483,polarity,I love when people leave their smelly shoes in my car . It makes my car smell great ! ,1,1
484,polarity,Drawing with my little girl ... Still can't believe she can draw this good ! ! ! #drawing #daughter ... HTTPURL,0,0
485,polarity,Free chocolates and free delivery with all flower orders from Bunches . HTTPURL,0,0
486,polarity,"In #Business , knowing ' what  to do ' is very imp . #SayNo to anything that comes b / w u n ur #dreams . Even #money . #entrepreneur #tips",0,0
487,polarity,@USER apple jd ?  sure,0,0
488,polarity,Probably just scarred the cleaning lady half to death because she did n't know I was home .,0,0
489,polarity,"@USER aww bless ya . Enjoy your break babe , yeah it was great thanks .. Finally recovering from it . How 's Ya tash going ? :face_blowing_a_kiss:",0,0
490,polarity,@USER #it shows you that APC is a free and fair party #run by intellectuals #and this is what we call democracy  dictatorship #,0,1
491,polarity,How Badly Do You Need That Burrito ? ( That 's sounds naughty ) HTTPURL #burrito ,0,1
492,polarity,I love it when work tells me they do n't need me to come in :person_tipping_hand: :face_with_tears_of_joy: :loudly_crying_face: :loudly_crying_face: :loudly_crying_face: ,1,1
493,polarity,"not that it matters , a message board thread is not an authoritative source @USER @USER",0,0
494,polarity,I bet Joel Embiid is psyched to come back from his injury to play for the worst team in NBA history . ,1,1
495,polarity,"Dragging her feet , smacking her lips , and scowling at the empty street while screaming into the phone ! ... such grace .  ! :frowning_face:",1,1
496,polarity,"@USER oh joy , now i get to have even more of them in my living room !  #putyourtoysaway #badboyfriend",1,1
497,polarity,yeah English stop saying Jane 's word,0,0
498,polarity,"or have you redefined "" network "" to mean a lone moron talking to himself on youtube @USER @USER @USER @USER",0,0
499,polarity,BITCH WHERE THE FUCK U THINK IM GOING ? ? ? | BETTER SIT ON DOWN WITH THE REST OF THESE BITCHES WAITTNG FOR ME TO MOVE ...  NEVA,0,1
500,polarity,"Today I 'm standing at the front of Tesco wearing an Elf 's hat , saying hello to customers and getting ignored . #dreamjob ",1,1
501,polarity,@USER @USER @USER there 's a link somewhere just can't quite put my finger on it ,1,1
502,polarity,I feel like crap today . So instead of Redbull I 'm drinking something healthy . #NewYearNewMe  #TotallyStillGoingToDrinkTheRedbull,1,1
503,polarity,"hit 1000 follower on instagram , ive officially made it in life ",1,1
504,polarity,so I have pink eye . I 'm sooo excited about it :/ ,1,1
505,polarity,They seemed to have found an alternative use for the bible #Hotel #NewYears  #Religious HTTPURL,0,0
506,polarity,"I 'm okay with snow , but sleet #howaboutno | :face_screaming_in_fear:",0,0
507,polarity,What an amazing start to the weekend !  #ohgoditsfridayagain,1,1
508,polarity,Off to a slow start this morning . :weary_face:,0,0
509,polarity,YOU blame him for everything else @USER @USER @USER @USER @USER @USER @USER,0,0
510,polarity,Cool to know I have people I can talk to when having a shit night . ,1,1
511,polarity,Count the scars on your soul,0,0
512,polarity,#indonesian #czech #mix #girl #with #my #boy #elvis #im  #single by mcrodyn HTTPURL,0,0
513,polarity,Gonna need K-State to play a little better but loving seeing this team in action with beckthies HTTPURL,0,0
514,polarity,This ' legendary ' anfield European cup atmosphere is great hey ! ;-) ,1,1
515,polarity,"' Liberated ' Iraq - - 2014 One of Bloodiest Years with More than 36,000 Victims : HTTPURL Thank you , Western liberators ",1,1
516,polarity,7:52 am ( too damn early ) in South Carolina .. What a shitty state to  be proud of,0,1
517,polarity,Last day of sewing selfie ! #fashionmajor #rough #sewing #weresogood  @USER HTTPURL,1,1
518,polarity,Since when did train fare get so expensive ? ? Jesus ! Might aswell of drove ... Shame I 'm drinking ,1,1
519,polarity,Two people got me socks . Clutch af . ,1,1
520,polarity,@USER The person who wrote that is clearly a bit of a tit ,1,1
521,polarity,"Photoset : babaybubblez : aquabreeze : disgustinghotels :  all men But lets not forget In the real story , ... HTTPURL",0,0
522,polarity,"I keep seeing "" we need to build a global society "" . Personally , I 'd rather have our "" American Society "" back . #tcot #EricGarner #Ferguson",0,0
523,polarity,Where I am  @USER Boys Town HTTPURL,0,0
524,polarity,They thought I was gone ! These vegas niggas gone respect me and know I been doing this shit too ! & I ... HTTPURL,0,0
525,polarity,#Big #match #verdict : Tottenham 's #Chelsea #loss #was  #another #dark #night #at #the ... : There was no end to ... HTTPURL,0,0
526,polarity,"4 . "" Yes "" was the reply . These are public dollars being used . What 's with this lack of transparency around Union Pearson Express ? #TOpoli",0,0
527,polarity,"they dip , we drip #fat #sumo #hippoes #happy #like #so  #turtle #googlemapcibae #love #bij ... HTTPURL",0,0
528,polarity,"@USER FUT 14 ofc , the corners <3 ___ <3 they where faaaantastic ",1,1
529,polarity,StephenFry : @USER Oooh - busted by superior understanding ... ! Crestfallen and shamed .  HTTPURL,1,1
530,polarity,Anamorphosis :p lacing objects so that viewed from a certain angle they create an image . | By French artist Bernard Pras HTTPURL,0,0
531,polarity,Customers during Christmas time are SO NICE . ,1,1
532,polarity,null ( 68 ! ) - How much do you know about periods ? HTTPURL via @USER,0,0
533,polarity,At last I can quit work and enjoy life lol  HTTPURL,1,1
534,polarity,@USER I literally do not know,0,0
535,polarity,@USER Ooooh only the ' economic ' destruction of the country . Now that makes a world of a difference . ,1,1
536,polarity,#Cuba #sees #long #struggle #ahead #before # U . S . #lifts #embargo . HTTPURL via @USER,0,0
537,polarity,@USER have you heard back yet ? !,0,0
538,polarity,"It is so much easier for me to write how I 'm feeling than to actually speak it , I get nervous and stumble on my words if it 's on my heart .",0,0
539,polarity,All hell is breaking loose ... Ahhhh everybody freak out ,1,1
540,polarity,Am I surprised that my coworker is not going to show up today ?  #Flurries,1,1
541,polarity,Yay for cars having a case of the Mondays . ,1,1
542,polarity,New homeschool year . New Marketing business . Clickbank University . Wealthy Affiliate . Writing the book finally . #holyschedule #needanapp 0_0,0,0
543,polarity,Fighting over chargers is definitely how I wanted to start my day . :unamused_face: ,1,1
544,polarity,I 'm so glad I 'm sick today . |  #bullcrap,1,1
545,polarity,new shoes . kinda in love with an inanimate object . HTTPURL,0,0
546,polarity,The #AdvancedWarfare campaign was only 6 hours - _ - | PS : It 's still better than BF4 ' s campaign tho ( that I did n't finish ) :p,0,0
547,polarity,@USER explains why Inter went all Calciopoli over Juventus ...,0,0
548,polarity,"We need a #Democracy  #CoPocracy ! ! ! #Police , #MorningJoe ! #BlackLivesMatter #DemocracyMatters #Ferguson #EricGarner",0,1
549,polarity,So Jeremy Irons and Alan Rickman are BOTH in Marrakech just one week before I 'm going there #everythingisfine  #sonot,1,1
550,polarity,HTTPURL #AnalScreen #Exotic Exotic brunette gets her little tight butt nailed right on the office desk,0,0
551,polarity,"But not a grocery store or pharmacy . Sensible .  "" @USER : Offices or apartments ? owners of Monroe Avenue factory ponder options """,1,1
552,polarity,"Good news ! Thanks to the #ACA , my husbands insurance premium jumped up 971.2 % in one year ! Hooray !  #ThanksObama",1,1
553,polarity,102 ° fever . That 's fun . ,1,1
554,polarity,@USER Yeah ... me too ! ! !  ! ! x,1,1
555,polarity,I love how today is going ,1,1
556,polarity,#UKPLUS = Consists of Free Lebara 2Lebara 3000MINs and 3000SMS  UNLIMITED . #NO UNLIMITED SMS TO OTHER NETWORK Only consists of 1000SMS,0,0
557,polarity,Because standing by a board about dental hygiene for two hours is how I wanted to spend my birthday .. ,1,1
558,polarity,"@USER Oh , will keep fingers crossed for you . Sometimes the worse they are , quicker they go #HandyMedicalFact ",1,1
559,polarity,"@USER Thanks , that 'll help loads ",1,1
560,polarity,"Breaking news !  RT @USER : Mario Balotelli is n't a team player , according to Adel Taarabt HTTPURL",1,1
561,polarity,@USER should just relate to her water first AMEN,0,0
562,polarity,Ahhh Finals week ... I 'll throw a kegger at my house for all the survivors :skull: :skull: :skull: #Motivating  #RIP,1,1
563,polarity,@USER @USER it 's in my Priory contract to wear those . Hugely popular with Priory Ultras #does  #count #xxx,0,0
564,polarity,Do n't know if I can handle this crazy 11-2 shift . It 's so long I might pass out on the job ! ,1,1
565,polarity,@USER I should sue my parents ,1,1
566,polarity,People are n't as beautiful as they look #people  #beautiful #look #walk #talk #personality #love #care #share HTTPURL,0,0
567,polarity,#Fears #for #female #Saudi #activist as #detention for #driving a #car is #extended HTTPURL via @USER,0,0
568,polarity,"I can't remember the last time I saw "" 32 - bit integer "" in mainstream media ! #Software #GangnamStyle #Geek @USER HTTPURL",0,0
569,polarity,Wow I just can't wait for all the #newyearnewme posts :face_with_tears_of_joy: :face_with_tears_of_joy: :face_with_tears_of_joy: ,1,1
570,polarity,When Santa looks up my name :smirking_face: :person_gesturing_NO: :crown: | #sassy  #naughty #or #nice #instagood #instadaily #Christmas ... HTTPURL,0,0
571,polarity,I love waking up out of a dead sleep to two firetrucks blaring past my window  :sleeping_face: :fire_engine: :ambulance:,1,1
572,polarity,@USER I just texted you . Now I 'm going to sleep-not ignoring,0,0
573,polarity,"@USER @USER As a Red Sox follower , I can vouch for Gomes as a clubhouse leader . Such a fun teammate .",0,0
574,polarity,Remember that one time I worked both jobs while sick and it didnt suck at all ...  worthit,1,0
575,polarity,What 's the correct word for racism ( towards white people ) ? | There is none . | #racism | #is |  | #good | #4anyone,0,0
576,polarity,White people are irrelevant at this point . The black community needs to rise ABOVE y'all are in control ! ! !  #truth,1,1
577,polarity,@USER He 'd be a perfect fit ... or Beachy / Medlen .,0,0
578,polarity,"I have an "" attitude "" because you think you 're hot shit at a buffet restuarant . #lifegoals  #sideworknazi",1,1
579,polarity,"#OrionLaunch go , no-go , go , no-go . I 'm getting dizzy ... Imagine if there was a crew in there - how stressful would this be ? !",0,0
580,polarity,Taking the bike through rainy and cold dark streets to the dentist . Yaaaay . #Somuchfun ,1,1
581,polarity,@USER @USER @USER Remember when Pres . spoke of how great America is and how strong we the people are if we work together ?,0,0
582,polarity,I LOVE not sleeping . It 's the best . ,1,1
583,polarity,@USER Someone described it to me as ' passing like a laxette through a budgie ' but I can't remember who .,0,0
584,polarity,@USER I guess not . Stop insulting me .,0,0
585,polarity,It 's not possible to have enough time,0,0
586,polarity,And after being up for over 24 hours I 'm finally getting some freaking sleep .. #HappyHolidays  #AlwaysWorking,1,1
587,polarity,"@USER @USER when did you get so cynical , Karna ! ? ! ?",0,0
588,polarity,"Oh look , we 're having another storm in Sydney . How unusual . ",1,1
589,polarity,Congratulations @USER - so well deserved . I hope you enjoy the  of this notification from Twitter HTTPURL,1,0
590,polarity,@USER oh so someone got in trouble for making fun of the people who behead innocent people ... nice ,1,1
591,polarity,Left home at 7.30 am and still trying to get to work . I just want to cry ! ! #happymonday ,1,1
592,polarity,Is n't the point to learn how to craft our own reality ? What am I missing here ? Should we not be different ?  #wat ? HTTPURL,0,0
593,polarity,"People these days are so loving , accepting , and nonjudgmental . It 's great . ",1,1
594,polarity,I miss the days when all my close friends lived in the same city .,0,0
595,polarity,"Grandma 's coming over , yay money . #lol #kidding ",1,1
596,polarity,Yellow Pages are all you need . Phone books are the future . #truth #reallynotreally  HTTPURL,1,1
597,polarity,it just had to snow and cancel our Vball tournament today ... :water_pistol: :enraged_face: :enraged_face: :enraged_face: #ball #is  #life,0,0
598,polarity,Eskom load-shedding hammers the Rand again : HTTPURL Current spot rate USD 1 = R11 . 45 HTTPURL #VivaANCviva ,0,1
599,polarity,Pulis is available . Will guarantee we stay up ,1,1
600,polarity,"@USER to tell you the truth , that may have been the smartest thing you 've ever tweeted .  #ireallythinkyouareafuckingidiot",1,1
601,polarity,"I love seeing a guy go 50 and texting in a school zone , #soproud  #gpabdrivers",1,1
602,polarity,@USER I do n't think I 've ever even made weed brownies in my life ... idk where you get this bizarre idea from lol,0,0
603,polarity,"@USER Cause of all the things in life this seems to be in #Balance . | Music - Medicine , @USER - Doctor | #SuperDayLineUp",0,0
604,polarity,@USER which would ALSO push rates up :) is n't this a fun game ? ,1,1
605,polarity,"As a girl , my reason not to put on makeup is I 'm satisfied with my face , unlike you bitch ! | |  #winter",0,1
606,polarity,@USER should n't you 's be in school ? ?,0,0
607,polarity,"tried to export an azure vm , well that went ok  #vmcorrupt #thankyoumicrosoft #startalloveragain",1,1
608,polarity,"@USER its my workhorse , practically glued to my hand HTTPURL",0,0
609,polarity,I just love working Sunday 's .  HTTPURL,1,1
610,polarity,"says women & blacks are a different "" species "" @USER @USER @USER @USER @USER",0,0
611,polarity,What a joke . Thanks for the detailed response and communication with your customers .  @USER @USER,1,1
612,polarity,Happy holidays from me and my boy Carl #lrs #holiday #party :smirking_face: :smiling_face_with_sunglasses: :smiling_face_with_sunglasses: :Christmas_tree: :Christmas_tree: HTTPURL,0,0
613,polarity,Shoutout to my mom for being hella supportive of me ,1,1
614,polarity,Weather bomb . Weather . Bomb . | | I applaud the media 's innovation in helping to sensationalise the usual autumn climate ,1,1
615,polarity,This photo of @USER ' s pool via @USER has really brightened up my morning ...  HTTPURL,1,1
616,polarity,#LOL with all due #Respect to #KobeBryant .. he is  #MJ ^ _ ^ but damn near #Close ! ! #Legends HTTPURL,0,0
617,polarity,What a golden morning . :unamused_face: ,1,1
618,polarity,@USER @USER I believe we have n that 's y we SUCK .,0,0
