index,tweet,label,prediction
1,"That awkward moment when you plane your whole day around your Golf Class , and it gets cancelled ! #stupidrain",0,0
2,"Putting good things in my mind for lunch today instead of just internet junk . Oh , and tweeting . Tweeting good for building tribe .",0,0
3,Sometimes it 's  about being #Cocky .. :smirking_face: :cat_with_wry_smile: It 's abt knowing what ur #Capable of & #doing it ... HTTPURL,0,0
4,I can't even begin to explain my frustration . :unamused_face:,0,0
5,Goes both ways #make #love  #war #peace HTTPURL ... HTTPURL,0,0
6,I had the most broke friends in undergrad now these fools get a lil money and want to act uppity as ever,0,1
7,That 's comfortably the most stonewall penalty I 've ever seen .. What are these refs on ? #hadone #Stoke,0,1
8,Do n't think that you can just use my boyfriend when you have noone else ...  #on #my #watch,0,1
9,Everybody 's Talking about Snow and I 'm just Sitting Here and the only Snow around is on our Cars .. #snow ,0,0
10,Still in da process #drawing #sketch #fishkoi #tattoo  #yet #finish HTTPURL,0,0
11,"If Comes From The #heART Then They EXPRESS it , Connect @USER or HTTPURL #thankyou #3rdeyebrand",0,0
12,@USER You blew my mind on #AHSFREAKSHOW You 're brilliant .,0,1
13,8 of our favorite smartphone highs and lows of 2014 HTTPURL,0,0
14,@USER Things also go slowly when you are waiting for them especially !,0,1
15,"Grace is a free spirited 8 yr old with the most humble heart . Aspiring model / actress , she also enjoys #piano and dance.Follow > @USER",0,1
16,Mondaiiis to fridaiis without Huweyyyyyy #do  #like HTTPURL,0,0
17,Love it when my mans on a cleaning spree .. Saves me doing it :OK_hand: :face_blowing_a_kiss: :face_blowing_a_kiss: :face_blowing_a_kiss:,0,1
18,Equal justice for all ... unless you are Black during the Obama administration . HTTPURL via @USER,0,0
19,#forgive #others  #because they #deserve #forgiveness #you #peace love this from @USER #words #wisdom ... HTTPURL,0,0
20,Hardest parking i 've probably ever done ! #screwyousmallparkinglot,0,0
21,#farage a t1t in public who doesnt agree with seeing t1ts in public #breastfeeding ,0,1
22,@USER @USER Ah ok . Well I hope things keep going well with person A x,0,1
23,"@USER start with India , I need to be somewhere they do n't speak great English so I do n't have to say much lol",0,1
24,"I 'm officially making today "" Single men get a smoothie "" day because that 's who my customers have been all day .",0,0
25,Katie pisses me off so bad #TheApprentice,0,0
26,Rest in peace riff God ! #Dimebag #Darrell #is  #dead #pantera,0,1
27,@USER @USER let 's  #forget the #origin of a #diamond in #relation with #humanrights #bigdata,0,0
28,John Stockton in a commercial ? ! ! Holy crap ! #NBABallot,0,0
29,I have this weird urge to buy a hamster,0,1
30,@USER where did THAT come from ? !,0,0
31,Somebody has filled my head with snot & used a cheese grater on the back of my throat during the night #unimpressed,0,1
32,I am downloading #AdvancedWarfare now ! ! Ca n't play it until 22nd of December tho :/ #Exams,0,0
33,@USER @USER @USER @USER @USER @USER I am so immensely sad about this .,0,0
34,my brother did this . now I hate my brother even more . | #jk  #stilljk #fatbro HTTPURL,0,0
35,"Absolutely no #ALP or @USER fan , but seriously many have done this before him & many will . #Scapegoat #Excuse he was a lame duck",0,1
36,"Support @USER reveal the truth behind Love , sex and drama visit HTTPURL",0,0
37,@USER they 've spread their positions off with long feeder cattle ! ,0,1
38,It 's all about Twitter  a clue,0,1
39,"@USER though , I suspect you do n't actually care about the truth , so whatever , go troll someone else ;-)",0,1
40,@USER @USER and why would n't you be after THAT performance !,0,1
41,HTTPURL #AnalTryouts #Sensational Sensational blondie chick gets anally smashed in a threesome,0,0
42,Tulisa has really made herself ugly #xfactor,0,0
43,"Because #LOGICALLY , that does  #fully #compute . If they wear #LESS #PROTECTION for a "" #DEADLY #VIRUS "" & do  "" #get "" #EBOLA as result ?",0,0
44,Last night watch for 2014 ! ! That deserves :bomb: ' r breakfast dram . @USER 17yr from @USER #scotch #Islay HTTPURL,0,0
45,can I just own an isle far away from here where my house is stunningly beautiful with only some closed ppl who appreciates me as a human,0,0
46,If only I could be a cooler kid xp lol I 'm such a nerd #can # i #know #when #im  #gonna #get #rejected,0,1
47,the struggle of writing this article and studying for this journalism final is killer .,0,0
48,"@USER just lost a fiver already on the early kick off , cheers Forrest :)",0,1
49,So glad I 'm off work tonite :person_raising_hand:,0,1
50,Lol my mom can't text and talk at the same time :grinning_squinting_face:,0,1
51,@USER ahh ... the hill . I seem to remember ( sort of ) mud sliding down that hill at many a Buffet / Steve Miller concert . #GoodTimes,0,0
52,Please snow let us get out of dance early,0,0
53,Why is there evidence of a stripper in my house yet I see no stripper in my house :expressionless_face: :broken_heart: HTTPURL,0,0
54,Beach hangs with my bffz HTTPURL,0,0
55,Love these guys ! RT @USER : Tried to get the whole family in ! #selfiestick @USER HTTPURL,0,0
56,So baffled that WWE wrestling is still as popular as it is . All my friends went to the show in DC . I stopped watching like 12 years ago !,0,0
57,"@USER just check out the buttons , see what they do . And follow me back :winking_face_with_tongue:",0,1
58,@USER no one really says that,0,1
59,"@USER The ones who did this , and the ones who support this , can not be human.RADICAL Islam = Satan 's Army . #PeshawarAttack",0,0
60,Do you want to be right ? | Or do you want to be happy ?,0,1
61,@USER > matters we may exert or influence a change . But friendships are n't progressed this way . Some natural affinity is needed .,0,0
62,@USER just trying to confuse you all :face_blowing_a_kiss:,0,1
63,"again , your myth of "" racist DNA "" is still only a figment of your delusional imagination @USER @USER @USER @USER",0,1
64,HTTPURL  SO UGLY CHRISTMAS SWEATER HUNTER'S RUN SANTA'S SLEIGH OVER THE ROOFTOPS HTTPURL,0,0
65,I know who I am . I am not perfect . I 'm not the most beautiful woman in the world . But I 'm one of them . #women  #perfet | - Mary J . Blige,0,0
66,Today was a very good day in Iceland .,0,0
67,Broke : doing assignments in order of due date Woke : doing assignments in order of priority Wired : spending 20 minutes on each class at a time and just go down the list,1,1
68,"I 'd like to thank middle aged men watching the Olympics for solving the mental health crisis . Getting someone to shout "" get some perspective "" at every athlete struggling with anxiety will definitely solve their problem .",1,1
69,yeah your girl is fine but does she pass out while giving blood,1,1
70,Sleep ? What 's that ... I 've never heard of it ?,1,1
71,my favorite gay drama is the social network,1,1
72,"not to brag , but my thesis topic was so good that someone else published on it three months ago :upside-down_face:",1,1
73,@USER But what were the ratings ? ? ( Replied to his Tweet with the same thing . ),1,1
74,i want tech to be banned for use in work relationships . i do n't ever want my bosses asking me why im missing optional shit . just write me up at that point .,0,0
75,i 've never had protected sex,1,1
76,"Well , I had hoped the election would be called in time for my quarter-century birthday two days ago , but I 'll accept this belated present from my fellow Americans . #BidenHarris2020 #election",0,0
77,"The Drew Barrymore Show is an absolute trainwreck . Like The Tony Danza Show , every two minutes is a clip for The Soup .",1,1
78,"I see Dettol , Toilet Duck and Zoflora are all trending on Twitter . Now why could that be ... #TrumpPressBriefing",1,1
79,"@USER imagine your delivery being 2 hours late , and imagine calling up your service team only for them to hang up at 10pm , coincidentally the same time the office closes . But it 's okay , my ¬£ 3 delivery fee is being refunded though üëäüèª",0,0
80,"I 'm not sure what the guys in The Chainsmokers look like , but everyone in this Phoenix crowd looks like they 're in The Chainsmokers .",0,0
81,The contract extension with James Franklin will absolutely work out in Penn State 's favor .,1,1
82,As a woman I dont need hobbies dreams or goals cause I can spend all my time wondering why he didnt text back crying into a bag of doughnuts,1,1
83,@USER @USER Yes NEU ! :clapping_hands: :clapping_hands: :clapping_hands:,0,0
84,"Sometimes I lay in bed and think about how today will be the day I make my life better . Exercise , drinking water , eating healthy . Then I wake up .",1,0
85,Why are toddlers allowed in public spaces,1,1
86,"Knocked on a door to deliver a parcel , waited 30secs then I see the parcel had a safeplace so went to the neighbour . Then this moody 20yr old answered the door in a Spurs shirt talking shit , so I laugh and say was u crying about Harry Kane , is that why u took so long to answer :rolling_on_the_floor_laughing:",0,0
87,"make it illegal to say / write "" Dems in disarray "" on account of it being stupid as fuck",1,1
88,Hands up who remembers when EVERY blogger and their dog was a brand ambassador for Coconut Lane :face_with_tears_of_joy:,1,1
89,:yin_yang: & :white_heart: HTTPURL,0,0
90,"I find it hilarious that ‚Äò black and white ' or ‚Äò all or nothing ' thinking is considered a cognitive distortion and is a symptom of several disorders , and yet it remains a pillar of American ( and Western ) culture . It 's almost like ... our culture is toxic :thinking_face:",1,1
91,Love it when the milk is out of date when you buy it,1,1
92,I finished my MBio in Biomedical science this week and today I found out I 'm graduating with a final mark of 77 % ( distinction ) :partying_face: so proud of myself,0,0
93,"For anyone with Three network , you can upgrade or pre order over the phone , online has n't been updated .",0,0
94,Yes you can break all the rules for Christmas and risk serious fines and killing your loved ones with a deadly virus OR you could :sparkles: stay at home :sparkles:,1,1
95,My life has gone from ‚Äò drive it like you stole it ' to ‚Äò drive it like your toddler needs the toilet ' .,1,1
96,If a dude says ‚Äú females ‚Äù I automatically do n't trust him,0,0
97,happy birthday gorgeous ! have an amazing day i love you ! ! :beating_heart: :beating_heart: @USER,0,0
98,"Climate change is n't real . How could it be with us having the most hurricanes in recorded history , deadly tornados , and wildfires :face_with_rolling_eyes:",1,1
99,"Boy , I sure do love being constantly misgendered by my cis relatives at family gatherings :upside-down_face:",1,1
100,I need Trisha as a guest on red scare,0,0
101,Only yelled at one person while biking home this evening . Improvement !,1,1
102,"AT & T is truly amazing They think my lg g7 is 3g only to the point where they sent us Walmart Altec phones and said they 'd shut off service . We called them , they told us to not worry and if the phones are fine they would n't be shut off Guess what got shut off this morning ? LOL",1,1
103,i gotta get out of this city . i made $ 18 doordashing for an hour and a half :loudly_crying_face: 3 orders and only one tipped lmfao he was the sweetest tho he gave me a cash tip + a 3.00 tip on the app <3 i miss him,0,0
104,"Bruh how do people manage dozens of healthy , fun and equitable friendships over a long period of time ? I can hardly handle like 3 :confounded_face:",0,0
105,Omg my dog just scrolled through my emails with his nose and I 've never seen anything CUTERRRRR :weary_face: :smiling_face_with_heart-eyes:,0,0
106,I love how they blur out Tristan 's face in this season of the kardashians LMAO like hmmmm I wonder who that mysterious man is,1,1
107,"I think the corn should be part of the game , let the players chase balls into the corn field ! #FieldOfDreamsGame :ear_of_corn: :ear_of_corn: :ear_of_corn:",0,0
108,i love acknowledging the other twinks on campus hi friends ! !,0,0
109,"@USER @USER The old phrase that says , if you are in the middle of the road you will be run over . Starmer is stuck like a record that is stuck in the same groove and nobody wants to hear that . Also where are the policies ?",0,0
110,"@USER @USER Ahh yes , quick peek at your page and you obviously know everything . Thank you for the enlightenment . :face_with_tears_of_joy:",1,1
111,Ca n't wait to sit at my desk for 7 and half hours . Back working harder than me ...,1,1
112,The littles and I had a fun day today :revolving_hearts: HTTPURL,0,0
113,It 's so weird how I look ugly in photos but I also look ugly in the mirror,1,1
114,Mnet girls planet 999 top 9 choices literally all horrific forgettable girls not charming or enjoyable to watch clearly biased to k group I 'm literally going to take action,0,0
115,I never feel more empowered than when I 'm listening to ‚Äò this is me ' from camp rock,1,1
116,I too enjoy making shit up and pretending like I understand basic economic principles HTTPURL,1,1
117,wow this growth spurt is really taking longer than i thought haha,1,1
118,"Aye these vaccines are dangerous to your health like . But see the charlie that you put up your nose at weekends , totally fine .",1,1
119,@USER Very nice . We 're now briefly up to date . Hopefully does n't take you so long to do the English release of the new pixie after we get 9.10 .,1,1
120,yall ever chip your tooth from accidentally biting your tongue ring,0,0
121,"I 'm glad I downloaded tiktok , it brings me back to the good ol days of vine :smiling_face_with_hearts:",0,0
122,"Using an educator discount , I receive 20 % off Manga at B & N . This is the only reason I am a teacher .",1,0
123,There is nothing new in an oliver james publication that can't be found elsewhere for free . He 's a leftist living a straight bourgeois life,1,1
124,Might just fuck around and take some horse dewormer for the thrill of if . Maybe I 'll feel something,1,1
125,I am so fucking tired of living in the UK .,0,0
126,@USER @USER Have you tried Steve Wilson at UCL ?,0,0
127,How bout you dont use a gazillion filters on your pictures,1,1
128,friendship is such a beautiful thing and deserves more credit than it gets,0,0
129,Not telling anyone how I voted in case it does n't come true #EUref,1,1
130,"@USER @USER If you say gr√¢ce like "" gra "" , you actually end up saying coup de gras which means blow / stroke / hit of fat",0,0
131,Best performance in a while . Absolute cracker today . Think @USER deserved mom #NFFC,0,0
132,@USER I stayed home sick from elementary school and watched it at my grandma 's house . I do n't think I understood exactly what happened and that it was such a tragedy .,0,0
133,also that jacket he wore yesterday i 'm gonna rip my eyes out :/,1,1
134,Sitting next to the world 's loudest mouth-breather on the first day of class did a really good job of demystifying grad school for me today,1,1
135,Drop in Center to let people get the 1st or 2nd Vaccine open today . I went thinking I was able to get my 2nd one . Wait in the que 30 mins . sits down arm ready to get ! Sorry your 12hrs to early ! ! ! We can not vacinate you till 56 days ! ! ! @USER #Seriously,1,1
136,"So I have an exam tomorrow , but likeee if the country is about to turn into a war zone does it really matter ? ?",1,1
137,My gf has been in the Hamptons nannying for a few hours and she has already been to a POLO match . Is she in GOSSIP GIRL ?,1,1
138,@USER Reviewer 2 : this is a very weak paper that fails proof of concept . Stating a cat bed is also a wizard 's hat is totally wrong and your data can not support this,1,1
139,An uppity receptionist just told me an initial assessment to have someone simply look at my teeth the exact same way my dentist did for free will cost ¬£ 165 . I might have laughed at them down the phone .,0,0
140,Because of #Trump I now do n't have to worry about other countries making fun of me for being fat ! :doughnut: :chocolate_bar: :shortcake: :pizza: #Thankstotrump #America,1,1
141,"We have changed our name on here to keep family from finding us , we are still didivination just look different .",0,0
142,"Vaccine dose 1 . Thank you , science .",0,0
143,love when my boss micromanaged me (:,1,1
144,feeling v grateful ! ! !,0,0
145,My ears are ringing so badly rn,0,0
146,The Suicide Squad felt like a remake of the Watchmen movie where they actually kept the giant squid .,0,0
147,Breaking news : @USER is going back to @USER . Wow ! Just Wow . What a signing . What a transfer window for United . What a home coming . Love it .,0,0
148,Doggo owners have started walking the dogs around the technology park I work on & I can see them all from my desk . This is the only positive of working from the office,0,0
149,Boehner not clapping for gender pay equality . COOL .,1,1
150,"#bbcfootball one simple question ... WHAT THE HELL DO WE DO ALL WEEKEND ! ! ! No football , No F1 ... Gardening ?",0,0
151,I 'm in Canada so like Happy 4rth ?,1,1
152,I 've been doing physics for 40 minutes I think I deserve a break :face_with_tears_of_joy: :face_with_tears_of_joy: :face_with_tears_of_joy: :loudly_crying_face: I 'm never going to get it all done at this rate,1,1
153,Mom put powdered carpet cleaner all over the floor and now it legit smells like we are living in a stable,0,0
154,Even if you 're fully vaccinated the CDC recommends still being nice to me . I am fragile,0,0
155,"@USER imagine your delivery being 2 hours late , and imagine calling up your service team only for them to hang up at 10pm , coincidentally the same time the office closes . But it 's okay , my ¬£ 3 delivery fee is being refunded though üëäüèª",0,0
156,turning 22 next week so naturally I increased my tinder age range up to 60,1,1
157,the time is currently 00:24 and the single thing rattling around in my brain is the noise those door stoppers make . you know the one,0,0
158,' Margaret Thatcher ' is trending ... has 2016 taken another one ?,1,1
159,talking about the capitol all day like i 'm in the hunger games or something,0,0
160,"#EconTwitter Job candidates : I already see some postings trickling in on @USER ( and I 'm always looking to procrastinate ) so send me your papers for comment ! My specialties are beh / exp and eship / innovation but I 'll read anything ! Dms open , :envelope: djlee@udel.edu",0,0
161,Birmingham city football club are definitely getting promoted to the premier league this season ! !,1,1
162,I do love it when my mum makes me spend my savings on beer :unamused_face:,1,1
163,late night coffee cravings are tempting fate,0,0
164,Do n't understand the scoring on #AllStarMusicals ? How has everyone got 10s apart from Barney ? His was the best so far by quite a bit,0,0
165,I do embroidery on tote bags and jumpers over on my depop for cheap prices please go check it out would mean the world to me ! :orange_heart: #depop #embroidery #totebags @USER @USER on depop :butterfly: HTTPURL,0,0
166,"Back from Nashville ... I missed this little girl , even though she ... HTTPURL",0,0
167,I see ITV have new drama starting next week think it 's about a police detective with personal problems that i 'll make change then .,1,1
168,Yo does anyone know how parking spots are assigned for painting ? ?,0,0
169,"#psychtoolbox sees a massive update and flashy new URL HTTPURL - installation easier , HDR support and finally ( ? ) @USER recognising Mario Kleiner 's outstanding work keeping them relevant in time critical fMRI experiments in a time of nascent open source rivals",0,0
170,Who 's bored at home ?,0,0
171,Gonna go cry now some no face told me to lose weight x,1,1
172,"B / w Rain is a Good Thing stuck in my my head , the heat & #GladePlugIns going in the car , hard to believe it 's not Summer ! #Glade #GotItFree",0,0
173,@USER @USER sounds like the american dream ngl,1,1
174,it 's funny my mom thinks i possess no remorse when i feel remorse everyday for existing :smiling_face_with_sunglasses:,1,1
175,"to all the anti-vaxxers out there , may you live every day as if it is your last ... and improve the gene-pool .",1,1
176,to me ... to me ... to me ... to me ... awwww :(,0,0
177,WHO LET THE LAUNDRY PILE UP 5 BASKETS . Goodness .,1,1
178,@USER @USER Omg me too I have a wheat allergy and I 'm suffering but can't stop eating it - absolutely delicious !,0,0
179,It 's good to hear once again how the government are setting a great example when it comes to following their own COVID restrictions ...,1,1
180,My Life Changed When I Finally Bought a Kitchen Table : and other essays about living alone Chapter 1 : Pants ?,0,0
181,How does one find motivation to do basically anything ? Asking for a friend .,1,1
182,"@USER "" But it 's a deterrent "" :face_with_rolling_eyes:",1,1
183,what it do babyyy :cowboy_hat_face: HTTPURL,0,0
184,when my sister was younger she made comic series called ‚Äú harry potter loves bacon ‚Äù in which harry potter discovered a love for bacon,0,0
185,"Christopher Biggins , a Poundland Mrs Twanky , is sharing his expert knowledge on the EU and Brexit . Ca n't wait for his take on the Middle East 's geopolitical situation . HTTPURL",0,0
186,wait what the fuck that solo yolo is mad ?,1,1
187,cold weather please hurry i want to wear sweaters again üôèüèΩ,0,0
188,Ok Wandavision is good,0,0
189,just tried to make a hot chocolate using only cold milk and wondered why it did n't taste right . that 's where I 'm at today .,0,0
190,"Here 's the situation , DO WHATEVER MAKES YOUR HEART HAPPY ! ! ! You 're going to die one day dang it . At least do all the things you wanted to before you leave ! !",0,0
191,Nothing warms my heart more than seeing everybody come together and attack Westside 's administration :red_heart: #WycoPride #YeeYee,1,1
192,@USER Do I need to aquire a wife before this happens or will I be assigned one ?,1,1
193,"Lucky for 2nd placed Brentford that there 's no stand out team like Leeds this year , or they might have no chance of winning the league . #ncfc",1,1
194,The motto of 2021 is : ‚Äú stop defending shitty men ‚Äù this is not up for debate,0,0
195,shut the hell up HTTPURL,0,0
196,So weird how Venmo has n't venmoed me yet really thought I was the one,1,1
197,"Being a mom with an autoimmune disease means I am a grown ass woman that caught hand , foot , and mouth from my daughter . My Hashimotos sucks . Thanks for all the sicknesses I so graciously suffer and should not be suffering at 40 .",1,1
198,I can't wait to hear more about the life of an upper middle class East Asian American whose only personality trait is drinking boba tea HTTPURL,1,1
199,"@USER are basically thieves , quoting it 's in the small print so you can't have a refund . Dates moved from summer , to a 4 hour slot on a Friday evening in November which is about as much use as a telescopic sight on a knife . #WeWantARefund @USER",1,1
200,Boris Johnson is not a clown . The conservative party is not corrupt .,1,1
201,Just realized I do n't have more than 3 full weeks in a row at work the rest of the year . üíÅüèº‚Äç‚ôÄ,0,0
202,@USER crispy all day every day over here ‚úåüèª,1,1
203,‚Äú Dad where did you watch the World Cup in 1966 ? ‚Äù ‚Äú I watched it on my own in my bedroom with a pigeon ‚Äù,0,0
204,"head is pounding , spent ¬£ 25 on ubers last night and I have a 3000 word report to write :) yippee x",1,1
205,i miss classes being online üòµ‚Äçüí´,0,0
206,"Some pretty great things are happening at the call center . Listen in to 104.5 for the Care-A-Thon ! Each dollar is being matched , my friends !",0,0
207,I 'm still confused about DaBaby 's point ? Like would you have said ‚Äú everybody without cancer out your lighters up ‚Äù ? ? ? like what sir HTTPURL,1,1
208,So excited to start this job ! :smiling_face_with_smiling_eyes:,1,1
209,do you think when a middle aged white man goes to buy a big lifted brand new F150 they check to make sure his penis is incredibly small ? ? or do they just take his word for it,1,1
210,Great start to the day Neros was shut and now I 'm going akip on the bus :sleeping_face: :face_with_crossed-out_eyes:,1,1
211,Amazing how fast this team can go winning from 13 straight to losing three in a row . Lol . Horrible managing tonight . I really hope this Boone experiment is over soon .,1,1
212,"Today I learned what "" ghost nipples "" are .",0,0
213,someone get on a plane with me and lets just tour someplace for like 4 days please,0,0
214,@USER @USER Has he given any clarification regarding what age Harvey Elliott needs to be before you can tackle him ?,1,1
215,I 'm gonna say it : Joanne beat the fuck out of Michael 's Halloween online store .,0,0
216,WTF ! ! ! #billcosby conviction was just overturned by the Pennsylvania Supreme Court ! ! ! #wtf #WHY #me2 @USER,0,0
217,@USER @USER @USER my tinder convos have been leaked,1,1
218,Breaking news : Pubs and bars the latest cure for COVID .,1,1
219,If ya headcanon Cub as an alien you could also make a Lilo and Stitch AU with Scar as Lilo and Cub as Stitch,0,0
220,PLT slamming their brand name on everything winds me up . You 'll find something really nice but it 's got ‚Äò PRETTY LITTLE THING ' written in caps all over the front :weary_face:,0,0
221,Bro Drake thinks about Rihanna everyday,0,0
222,could have gone to bed early but instead have been messing around on a random color palette generator for an hour,0,0
223,the curious george soundtrack radicalized me at the tender age of four,0,0
224,"Worst mistake you can ever make is not taking ur mates advice , hands down",0,0
225,"@USER Garlic has antiseptic qualities . However , a famous French dish that requires 40 cloves and wine with slow cooked chicken maybe a step too far .",0,0
226,"It 's nice to see some heritage organisations are doing the right thing and putting the safety of their staff , visitors and volunteers first . Wonder what that 's like ... ... for reasons , this is aimed at nobody .",1,1
227,I refuse to work under someone for the rest of my life . I WILL have my own business and be my OWN boss . :sparkles: Speaking it into existence :sparkles:,0,0
228,( Shameless Dead Snow 2 misquote ) The sequel I did ' nazi ' coming ! Ca n't wait ! HTTPURL,0,0
229,we love when the power goes out at 6:30 in the morning on a wednesday HTTPURL,1,1
230,Want to guarantee that you 'll never lose your job ? Just become the Prime Minister and party in a national lockdown .,1,1
231,":hot_pepper: Spiced Coconut curry :coconut: . A weekend spent with friends brings a week of content ... or something like that :winking_face_with_tongue: . Started the weekend off with this yummy morsel , With was a fusion of miso sesame aubergine :eggplant: , broccoli ... HTTPURL",1,1
232,people who hate the snow give off the same energy as people who hate cats,0,0
233,wow i love only ever buying gray and striped shirts,1,1
234,recording myself talking in spanish and then having to listen to it back is seriously one of the most painful things in my life,0,0
235,"#bbcqt It sure would be nice if Ms May decided to answer a question , rather than dance readily around it .",1,1
236,The amount of times I had to present my intern badge to Capitol Police officers who saw me every day for months and these people are just breaking in like it 's nothing smh,0,0
237,YouTube just gave me a gamer targeted covid vaccine ad and anyway get vaccinated gamers .,0,0
238,love seeing that my mom has officially started posting about the horse worm medicine being good for covid actually and they 're just trying to make it look bad bc it 's so cheap :zany_face:,1,1
239,So do men really not understand the expenses of raising a child or is it willful ignorance to vilify the women in their lives ? Or some kind of terrible combo ?,0,0
240,you like ketchup but not tomatoes ? ? ? grow up,1,1
241,I painted my first business sign & got two more business signs to do . Omg . THANK YOU GOD :folded_hands:,0,0
242,Gets James off ffs,0,0
243,"@USER According to a Trump republican , that 's relative to Penis size . There 's a video . Lol",1,1
244,i hate when that guy on tiktok is all ‚Äú i uNdeRsTAnd iTs eASy tO keEp wAtChInG vIdEos .. ‚Äù LIKE BRO MIND YA BUSINESS,0,0
245,but clinton 's emails ! oh . emm . fucking . gee . clinton 's god damn√®d emails . the humanity of it all . :face_vomiting: HTTPURL,1,1
246,Does anyone have a PDF of excerpts from ch . 2 of Mill 's On Liberty ? I want to assign a chunk of the argument for free expression without asking my students to read the whole chapter .,0,0
247,watching tik toks at full volume in the middle of the airport should be a federal offense,1,1
248,"this Brazilian dude always likes my pictures on instagram , nothing more , and honestly he 's a pretty welcome presence on my account",0,0
249,i was so bored today that i let my computer restart to install updates :woozy_face:,0,0
250,The fair-weather fans in all of these threads . Wake up call . Fleury is a human being . Surprise !,1,1
251,everytime i swipe through bumble when i 'm bored i just get sad that no one has the same complex interests as me ... rude :face_with_steam_from_nose: :face_with_rolling_eyes: / j,1,1
252,only have to physically be in uni for an hour a week looool mmmm take my 9k xxxxx,1,1
253,someone on the street asked me for the time and I just straight up lied for no reason,0,0
254,Has anyone written about the complexity of sick leave for the service / retail industry and how impossible it is not to screw over the other workers with it ? does that make sense ? I need an academic article on this with better words,0,0
255,"Regardless of what 's happening between Reddit and Robinhood , I hope we can all agree that Elon Musk should shut up now and forever .",0,0
256,I think Boris Johnson deserves his parties after the great job he does for the country these past few years,1,1
257,stop because i just thought of the cutest caption for when i get in a relationship . ‚Äú i 've finally found someone to watch stranger things with ‚Äù :pleading_face:,0,0
258,"If you watch #TheCrown and do n't simultaneously wiki deep-dive on the royal family , did you even watch The Crown ?",1,1
259,There is not enough people here #ivoryrooms,1,1
260,Gosh sunderland twitter is a fun place to be tonight is n't it . One game . One game ! ! !,1,1
261,Still have n't fully comprehended I go back to work tomorrow .,0,0
262,How do I stop thinking literally everything is corny ? ?,0,0
263,Old people do n't deserve rights,1,1
264,Mine and @USER snapchats are just stunning :OK_hand:,1,1
265,so the royal family is sound with pedophiles but as soon as a mixed race baby comes into it they 're scared ? makes sense :woozy_face:,1,1
266,"Submitted my application for PhD funding today , then shit myself and wanted to withdraw it :face_with_tears_of_joy: :see-no-evil_monkey:",0,0
267,Love a good cry üëåüèª,1,1
268,"do n't cry because it happened , smile because it 's over <3",1,1
269,i 'm now reading 4 books at once what could go wrong :orange_heart:,1,1
270,As if I did n't know this anyway ! I 'm an Owl according to the #BBCBodyClock quiz ‚Äì what are you ? HTTPURL,1,1
271,"Yes , that 's fine . Do n't wash your hands when you come out of the gym toilets and go and touch all the weights . We 're not in a Pandemic or anything ...",1,1
272,"I think men are better than women , they provide for us . We should thank them more often for being protectors .",1,1
273,everyone pls stop shooting fireworks my dog is scared :(,1,1
274,my favorite brand of old people are the ones who work as tour guides at national parks,0,0
275,Just gotta realize no ones interested in what I have to say :OK_hand:,1,1
276,@USER @USER I am just looking at this again today ... did you ever get consistent success with fMRI and Eyelink eyetracking ? I am tempted by the MRC SYstems 's fMRI safe 12M camera + IR pointed directly at the eye ( through two way mirror ) but all the researchers are familiar with Eyelink !,0,0
277,ate a bagel with cream cheese earlier and the impending doom immediately vanished from my mind,1,1
278,Happy birthday to me ! ! I 'm 30 ! :loudly_crying_face:,1,1
279,Has any couple ever put furniture together and stayed together afterwards ? ? ? Asking for myself,1,1
280,I 'm defending the land I have left . Click HTTPURL to do the same . HTTPURL,0,0
281,Schadenfreude x,1,1
282,Thankyou subway ! @USER #TunaForTuna :orange_heart: HTTPURL,0,0
283,when someone 's phone goes off in a quiet room an angel gets its wings,0,0
284,Just remembered IHOB was a thing . Do n't text .,0,0
285,@USER Thanks for disrupting your narrative continuity with commercial break previews . #SpoilerAlert,1,1
286,@USER We watched this and were really saddened by the lack of deeper digging around this issue . There was an air of blame uk jobless for not stepping up . Needs a proper investigation and not a fluff piece IMO . Thanks for your tweet though .,0,0
287,"Selling 2 X Zutekh Presents Mella Dee at Square One Manchester Tickets 22nd August - ¬£ 18 Each , cheaper than face value Message me or @USER to buy",0,0
288,Tell the liverpool players to get some beers and just sit on the grass for the full 90 mins . Let leeds score as many goals as they want . oEuropeanSuperLeague,1,1
289,Fox News et al should be shut down . Absolutely heartbreaking . :broken_heart: #GOPTraitors HTTPURL,0,0
290,WHY IS IT SO HARD TO FIND SOMEWHERE TO SWIMMM :hot_face:,0,0
291,Do n't you just love it when they dig up your road at 8: 30am on a Saturday :angry_face:,1,1
292,I really have n't a clue why people think GP 's are n't working when you look at all the supportive news headlines around !,1,1
293,Thanks Boris Johnson for restricting travel abroad ( again ) due to the new virus strain and your concern for the public health . I heard next week your banning fast food beacuse thats just as dangerous right ?,1,1
294,Just tried to eat soup with my mask on #fail #Masks,0,0
295,"@USER Another misogynistic , homophobic rapper .. how shocking !",1,1
296,In terms of usability is there a more frustrating web site than ebay ?,0,0
297,just listened to my all straight friend group talk about boys for THREE HOURS i am DRAINED,0,0
298,I want a bloomin ' onion,0,0
299,it 's amazing how toxic people are always blaming others but fail to realize that they are the common denominator in all problems :litter_in_bin_sign:,0,0
300,Being 20 years old and going to concerts with my mom means I can scream all the no-no lyrics bc iM aN aDuLt,1,1
301,i cant wait to leave boston,0,0
302,"if you listen carefully , you can hear me not carig",1,1
303,"I asked my husband to buy dog poo bags when he went out earlier and they 'd sold out . So instead of going to another shop , he bought bin bags . So now I still can't clean up after the dog but if I happen to buy a donkey and need to clean up after that , I 'm sorted .",1,1
304,I can't wait for Boris to wait until after Christmas to lock us down again so that I can't go to Poland like I 've been waiting for for half a year !,1,1
305,"oh sure , the mic 'd up pitcher at the MLB all-star game can say ‚Äú god dammit ‚Äù but when my 13 year old softball player says it she gets a ‚Äú language warning ‚Äù :face_with_tears_of_joy:",1,1
306,i 'm going to make a quilt of all of my titty pics and sell it to the people to keep everyone warm,0,0
307,@USER @USER They are legally entitled to ask for asylum .,0,0
308,@USER @USER Ca n't wait !,0,0
309,Why are tanning beds legal ?,0,0
310,Vaccinated this morning . Not sure it 's worked - still committed to Apple and no extra autism detected . Bloody science .,1,1
311,People who think cancel culture goes too far never learned about excommunication,1,1
312,settings is such an interesting place,0,0
313,Boris Johnson is a great leader and all his team stick to the covid rules rules,1,1
314,The typhoon flew over me today absolutely fuming they forgot to bomb me,1,1
315,"I am sorry , I forgot , I only exist when you need something !",1,1
316,Every time you complain about neopronouns or xenogenders we add five more,1,1
317,Being a business major is legal conversion therapy and must be stopped,1,1
318,"So Boris Johnson has decided to join the police this morning - he looked great in the hat . I think he will make a very competent police officer , indeed ! !",1,1
319,Bill and Melinda Gates foundation announces #billions to fund fight against #Corona üôèüèª it comes ASAP HTTPURL,0,0
320,Living with a str * ight man is like living with a four year old,0,0
321,I feel like I have Twitter friends with opinions on this - what are the must do / eat / see / drink spots in Des Moines ? Please share .,0,0
322,love it when Jonny makes me use earphones to watch something on my phone so he can play fifa,1,1
323,Absolutely disgusting . Tr * mp says he ‚Äú loves ‚Äù domestic terrorists and spends most of the minute long video complaining about election and not condemning their actions today ? Rot in fucking hell .,0,0
324,the way i see red when i 'm stressed out is absolutely draining,0,0
325,my neighbors taunting me outside my office window by chilling in their hot tub every remotely warm day whilst I sit here on back-to-back zooms all day every day . the audacity is astonishing .,1,1
326,Oh hey guys I got the job I start Wednesday :smiling_face_with_halo:,0,0
327,Passed my theory,0,0
328,"@USER You 're right , I should be grateful for you at least",0,0
329,do people with clear skin feel accomplished ? ? superior ? ? ? comfortable in their own skin ? ? ? what 's that like lmfao,1,1
330,I 'm walking for Citizens Advice in NW Kent . Please help if you can x 2019 London Legal Walk HTTPURL,0,0
331,if anyone sees me listening to tavern music or sea shanties on Spotify no you didn't,0,0
332,Great time for sim and I to have our weekly life update ... :first_quarter_moon_face: :last_quarter_moon_face: :koala: ( closest thing to an owl ) :ZZZ: :ZZZ: :ZZZ: :sleeping_face:,1,1
333,i hate that low rise pants are making a comeback ! ! ! i will NOT be partaking,0,0
334,my mom says i need to interact w actual ppl and not just folks online :( ( ( i have no friends irl,0,0
335,"Just poured boiling water all over my cereal instead of into my tea cup , gonna be a long day this .",0,0
336,im glad we finally have a party in opposition who are committed to taking the government to task for not making mistakes fast enough,1,1
337,besties i may have flooded my bathroom with an inch of water,0,0
338,if jesus was resurrected again i would vote for him,1,1
339,bloody buzzing i 've got a new job ! ! !,0,0
340,Nightmares are so horrible and weird .. my is my brain subconsciously thinking about horrible things like what ?,0,0
341,"Are GoFundMe accounts a form of socialism ? I do n't have enough money to pay my bills , so let me create an account an ask for money to help pay my bills . ? ?",1,1
342,Seriously thank God tomorrow 's friday #needabreak,0,0
343,Learn about what we do in the Brain and Behaviour Lab at the #UniversityofPortsmouth #zebrafish HTTPURL,0,0
344,I can not stress how much I hate the noise of people eating . Ca n't be downstairs when my parents are eating because it 's so fucking unbearable :face_with_tears_of_joy:,0,0
345,Holby City had me gripped ! Best . Episode . Ever .,0,0
346,It 's actually really easy to get into the mindset of a Tory . All I do is smash my head into a wall until I bleed and then slur incoherently about social mobility and England before stuffing handfuls of loose change into Tim Martin 's hands and kick a homeless person in the jaw .,1,1
347,I changed out of my pajamas today and I think that 's really brave,1,1
348,Only a a President as strong and decisive as @USER would force the FDA to OK a drug even before clinical trial results are in . No need to wait for such silly formalities - people have been taking the drug for years and most are still alive and fine ! #OkToTry #Gotrump HTTPURL,1,1
349,"@USER As a self-appointed rep of Baylor , we would welcome you back anytime",0,0
350,And so it begins . The Sunday back to school preparation . :weary_face:,0,0
351,South Park being taken off Hulu is the worst thing that 's happened to me personally in 2020 and like .. my dad died,1,1
352,"Also , it gets forgotten just how often the Israeli military conducts raids just for fun , to terrorise and demoralise the people who live there , and to collectively punish the population . This happens all the time , out of sight . HTTPURL",0,0
353,@USER But you get to see me ? !,0,0
354,"@USER @USER @USER @USER Not sure if this has been answered somewhere or not , but are the MTX going to be live for Early Access , or is that something for the 22nd ?",0,0
355,Sometimes I wonder if Priti Patel and Boris Johnson think that the Prime Minister is the one with the best K / D ratio . It would make sense with the whole ' let the bodies pile high ' thing .,1,1
356,It 's so easy to have the best day until someone lies to your face :smiling_face_with_hearts: :red_heart: :loudly_crying_face:,1,1
357,@USER Are n't you happy I gave you less competition for ranking,1,1
358,Exams have finally finished ! ! I can be happy again #woooooo,0,0
359,Not me rewatching He 's All That just to cringe the whole time until that mf pulls up on a horse ! ! !,0,0
360,@USER @USER Do n't run it on a school-provided laptop,1,1
361,Think I just fell in love with a new song ... will be playing it 24/7 now,0,0
362,"According to my road rage , the word of the day is asshat",1,1
363,Top 10 pools in my book : 1 . Swimming pool 2 . Paddling pool 3 . Above-ground pool 4 . Family pool 5 . Architectural pool 6 . Indoor pool 7 . Lap pool 8 . Olympic size pool 9 . Natural pool 10 . Salt water pool Sorry Liverpool you are not top 10 pools in my book :loudly_crying_face: :loudly_crying_face: :loudly_crying_face:,1,1
364,"So , a country that is trillions in debt , with numbers approaching 13 million on surgical waiting lists and hurtling towards facism regime , is talking about rescuing people from a facist regime ?",1,1
365,@USER @USER You are a right bundle of laughs to take to the pictures Draft !,1,1
366,"Thanks @USER for not informing me that my click and collect order had been cancelled when my account says it 's ready to collect my partner has had to travel unnecessarily to Stafford and we still do n't have our shopping , good diet I guess having to wait for my 26th delivery slot HTTPURL",1,1
367,my cat always sleeps on the very edge of the bed even when i invite him up for cuddles . he so polite :smiling_face_with_tear:,0,0
368,"Today has been a good day , I did n't fall off a ladder , my model train show tickets came , I got mentioned on @USER , they liked my bostocks cup recommendation , and more importantly , they got my name right ! Hurrah .",0,0
369,"The Spanish National Ballet company rehearsing wearing masks : gasping , falling about clutching their chests unable to breathe after 2 minutes . Makes sense that you 'd refuse to wear a mask in a bus for five minutes to protect others . Totally . Carry on .",1,1
370,"@USER So worried about him . But if you 're looking to save him , based on the topography I 'd say it 's somewhere on the east coast . Perhaps the Carolinas ?",1,1
371,"@USER despicable tweet , my liege",1,1
372,Morning workout routine : bench pressing my weighted blanket,0,0
373,"Thanks to India for being so inept . I was hoping for a full day of cricket , got snacks and everything . Cheers . You could have at least tried . #bbccricket #INDvENG #ENGvsIND #Cricket",1,1
374,How DARE my friends have jobs / boyfriends / lives they should consider my feelings and be free when I am,1,1
375,if you drive dangerously on purpose you 're the scum of the earth,0,0
376,my hobbies include leaving projects for the night before and then complaining that the teacher did n't give us enough time :upside-down_face: :upside-down_face:,1,1
377,"just booked to see David Gray too , , , am i 40",1,1
378,@USER @USER Yes the racist is so cool ! ! !,1,1
379,""" friends """,1,1
380,"Had an end-of-the-year gathering with my ms coworkers tonight and it was just so nice to be together . Get vaccinated , guys .",0,0
381,Running on 2 hours of sleep the past 2 days :woozy_face:,0,0
382,"it 's amazing how many people get mad at you for simply Raising Questions , such as ‚Äú what if the vaccine makes your balls inflate like helium balloons and cause you to float away to never be seen again ‚Äù",1,1
383,"@USER the people who are going "" yeah well The Assault Man said he did n't assault her so she 's a liar "" are making ME crazier just from exposure",0,0
384,""" calm down , I 've only had it a couple weeks "" :face_with_raised_eyebrow: :unamused_face:",0,0
385,Every day Spotify insists I listen to ‚Äò coconut ' by Harry Nilsson but I do n't ever have the heart to skip it so the cycle continues and the algorithm becomes further entrenched,0,0
386,Original pandemic baby bc I got swine flu xx,0,0
387,Coronavirus looking at everyone going outside on their snaps HTTPURL,0,0
388,"Afghanistan just completely crumbling after spending over 2 trillion USD and 240,000 human lives over the course of 20 futile years of American occupation sounds amazing in theory , sure . But how are we gonna pay for it ? What 's next , chocolate milk for everybody ?",1,1
389,i despise the racism within oldham,0,0
390,Having a bad week but what else is new ! ! At least I finally got paid :two_hearts: :loudly_crying_face:,1,1
391,"Listen if you can't laugh at ‚Äú badly sprained your ankle doing a Mamma Mia themed Zumba video alone in your apartment in year two of a global pandemic and are now on bed rest for a week ‚Äù , what can you laugh at",0,0
392,"Hear me out ... The lyrics in "" coney island "" should 've been "" lost again with no surprises , disappointments close your EYESES "" Fixed it for you @USER :winking_face: #evermorealbum @USER",1,1
393,They really took friends off Netflix :loudly_crying_face: :weary_face: ü§¶üèº‚Äç‚ôÄ what am I suppose to watch now ? ? ! ? ? ! !,1,1
394,I see the govt has run out of lateral flow tests . What a shock .,1,1
395,"such a good morning , computer froze , update then crashed my laptop , just spilt a cup of coffee . Can the week honestly get any better than this ! !",1,1
396,2 assignments due Friday and I have no motivation to do either of them :loudly_crying_face:,0,0
397,"i have been informed that , as aroace and agender , i have triple visibility and am now visible from space .",1,1
398,does anyone else hate hearing their own voice I sound so aids,0,0
399,@USER @USER Did you even watch a single la Liga madrid game last season bruh Varane is n't that good anymore,1,1
400,complained about my job for weeks but i just cried after my last shift :(,0,0
401,I do n't like how bright the white text and icons are,0,0
402,@USER You should know a true Oregonian does n't use umbrellas !,1,1
403,Been trying to get my boyfriends attention . Let 's see how long it takes for him to see this tweet tho .,1,1
404,omg my ships are gonna love what taylor swift has done for them,1,1
405,Between Mikey cooking and Didi cooking for me I relaxing :smiling_face_with_sunglasses: cooking ? ? I do n't know her,1,1
406,Death by Zara fitting room,1,1
407,"New year , new me , noodles",0,0
408,"to be completely honest , my ego is MASSIVE and i 'm not even sorry abt it :) )",0,0
409,So staying up late was worth it ... :sleepy_face: :weary_face:,1,1
410,Delaying June 21st is entirely Boris Johnson 's fault for not responding to the Indian variant quickly and keeping the boarders open and we must n't forget that . This was entirely preventable .,0,0
411,Men will literally fake an injury on the football field instead of going to therapy,1,1
412,i have this reoccurring nightmare where i accidentally forget to put on shoes before school and i have to spend the whole day barefoot,0,0
413,Shaving in the shower without your glasses / contacts is EXACTLY like performing blind surgery :eyes: :kitchen_knife:,1,1
414,Lol i actually realized that I 've justified not working out for the past three months by telling myself that my hair was too short to fit in a ponytail .,0,0
415,Kind of rude of my stomach to still make whale noises after I 've given it a whole protein bar,1,1
416,Wow the realization that I now never have to take a language class ever again just hit me and I feel like I could float on a cloud with that weight off my shoulders,0,0
417,"I 'm heading out to snag my COVID - 19 inoculation ! Thanks government mandate ! Super pleased to be doing my part even though the vaccines do not stop one from getting the disease , they do not stop the spread , and it leads to a life of non-stop useless boosters ! Woo-hoo !",1,1
418,it 's always the girls I do n't even know that wanna talk about me 24/7 :) I love my fans :),1,1
419,not enough essays about hozier saying ‚Äú i slithered here from eden just to sit outside your door ‚Äù and all of the implications that go along w it,0,0
420,Imagine going to university for 4 years when you could just follow Elon Musk on twitter for free,1,1
421,"every Tom Holland movie i 've seen is a masterpiece , i do n't think it 's coincidence . anyways watch Cherry on apple TV and The Devil All The Time on Netflix",0,0
422,. @USER The wearing and non-wearing of face masks by support team and family of players at ATP events is shockingly bad and setting a really poor example to anyone watching . Is it within your remit to encourage or enforce better adherence to effective face mask wearing ?,0,0
423,@USER Mr Shatner whilst you were sleeping you asked me to join Facebook messenger and then after a polite conversation you then offered me gold necklaces and a singed ( sic ) tee-shirt - you made my Friday night sir ... just awaiting your instructions so I can wire the money ...,1,1
424,Ca n't wait to get a kebab,0,1
425,"Tonight @USER dinner I sat by & chatted w / the former chancellor of Ole Miss , a former Miss MS , & the owner of the Miss America pageant Casual .",1,0
426,"Ya know , I missed a lot of things during Covid , but movie theater popcorn might top the list .",0,0
427,It was the jerseys,1,0
428,"@USER @USER He 's right , not enough to warrant resubbing and at this point people are already talking about the next expansion because they 're completely over this one .",0,0
429,5 star personality 4.8 star uber rating,0,0
430,going to be running on three hours of sleep at work tonight ! so excited ! ! !,1,0
431,HTTPURL,0,0
432,"Wow , can't wait to go into ANOTHER lockdown :face_with_rolling_eyes:",1,1
433,"If u watch the game at my house & u talk during Cal 's halftime interviews , my dad will frantically shush u and say "" God is talking ! """,0,0
434,Semester has n't even started and I 've already had two breakdowns :) this is gonna be a fun one !,1,1
435,Two goals caused by two awful goalkeepers #Capitalonecup,0,1
436,excited to start my new hobby of standing in the lgbtq section of the feminist bookstore and look hot and mysterious until I get noticed,0,0
437,why was suite life on deck not called zack and cody on a boaty ? ? ? missed opportunity,0,0
438,people in london are always asking me for directions ! ! i am as lost as you ! ! !,0,0
439,Bit odd for someone to resign over a party that did n't happen * eye roll *,1,1
440,I 've been laid off ! ! Nice :) ),1,1
441,How nice of tonsillitis to join me on my holiday üñïüèª üñïüèª üñïüèª üñïüèª,1,1
442,me not turning up to work is a feminist movement actually,1,1
443,can't believe the covid vaccine made me lose a limb . i thought being tracked was the only side effect,1,1
444,As if we 're all actually going back to the footy tomorrow literally gonna be epic,0,0
445,Is there a zombie apocalypse going on upper street,1,0
446,Am I the only one who thinks burrata is boring af ?,0,1
447,""" Do a PhD , it 'll be fun and rewarding , "" said no clinically sane person . Ever . I repeat . Ever .",1,0
448,thinking of getting a tattoo that says ‚Äú enough ‚Äù both affirming that I am enough while also suggesting I 've had enough,0,0
449,Love it when I forget to transfer my rent money over from my savings :woozy_face:,1,1
450,"Sometimes I lay in bed and think of all the ppl on tik tok who shaved their heads to go viral and did n't and now are just bald , no clout . Wish I knew who they were so I could throw em a like :crying_face:",0,0
451,"wow , ok , unfollowing now . Was a big fan of putting your left leg in , but just heard about taking your left leg out",1,1
452,mentally I 'm hiding in the walk-in,1,0
453,"If the sound of the rain outside was n't bad enough I 've now got my neighbours climbing onto their roof and shouting ‚Äò I love blowjobs ' , perfect background noise for me trying to study üëçüèª",1,1
454,Ca n't wait until I live to be 110 years old and I have people asking me how I 've lived for such a long time so that I can make up some hyper-specific secret to longevity that people will inevitably follow,1,1
455,""" I 'm concerned about the environmental impact of my contact lenses , "" says the occasional daily wearer , throwing their Starbucks cup in the test room bin .",1,1
456,If Nick Lachey wins TMS I will be so bitter .,0,0
457,every date I go on I get a little scared will be phone swap,1,0
458,The omicron variant has decided to give us all a wonderful gift for Christmas . For that one day it has chosen to not be spread between people at all . This gift will make me feel a lot better about being around loved ones who still refuse to get the vaccine or to wear a mask at the very least .,1,0
459,@USER Would love a cheeky McDonald 's breakfast before a busy day at work would set the day off on the right foot ! :beating_heart: #FancyAMcDonalds,1,1
460,I love it when someone criticses my parenting then their adult son cuts his finger off with a knife and breaks his leg by falling off a bike,1,1
461,I entered @USER HUGE BACK TO SCHOOL GIVEAWAY to win a macbook pro & tons of other prizes ! CHECK IT OUT HERE ! HTTPURL #grav3yardgirl,0,0
462,Football is a rollercoaster . And all those losses and heartbreaks are all worth it for nights like this . #AVFC #AVLARS,0,0
