tweet,label,Segment,WC,Analytic,Clout,Authentic,Tone,WPS,BigWords,Dic,Linguistic,function,pronoun,ppron,i,we,you,shehe,they,ipron,det,article,number,prep,auxverb,adverb,conj,negate,verb,adj,quantity,Drives,affiliation,achieve,power,Cognition,allnone,cogproc,insight,cause,discrep,tentat,certitude,differ,memory,Affect,tone_pos,tone_neg,emotion,emo_pos,emo_neg,emo_anx,emo_anger,emo_sad,swear,Social,socbehav,prosocial,polite,conflict,moral,comm,socrefs,family,friend,female,male,Culture,politic,ethnicity,tech,Lifestyle,leisure,home,work,money,relig,Physical,health,illness,wellness,mental,substances,sexual,food,death,need,want,acquire,lack,fulfill,fatigue,reward,risk,curiosity,allure,Perception,attention,motion,space,visual,auditory,feeling,time,focuspast,focuspresent,focusfuture,Conversation,netspeak,assent,nonflu,filler,AllPunc,Period,Comma,QMark,Exclam,Apostro,OtherP,Emoji
Excited for this fall voxbox ! #complimentary @USER HTTPURL,0,1,8,89.52,,89.39,99,4,37.5,75,25,25,12.5,0,0,0,0,0,0,12.5,12.5,0,0,12.5,0,0,0,0,0,0,0,12.5,12.5,0,0,0,0,0,0,0,0,0,0,0,0,25,25,0,12.5,12.5,0,0,0,0,0,12.5,12.5,12.5,0,0,0,0,0,0,0,0,0,12.5,0,0,12.5,0,0,0,0,0,0,0,0,0,0,0,0,0,0,0,0,0,0,0,0,0,0,0,0,0,12.5,0,12.5,12.5,0,0,0,0,0,0,0,0,0,0,0,0,37.5,0,0,0,12.5,0,25,0
Best night ever :p urple_heart :,0,1,5,39.7,,99,,5,20,80,60,20,0,0,0,0,0,0,0,0,0,0,0,0,0,20,0,0,0,20,0,20,0,20,0,40,20,0,0,0,0,0,0,0,0,0,0,0,0,0,0,0,0,0,0,0,0,0,0,0,0,0,0,0,0,0,0,0,0,0,0,0,0,0,0,0,0,0,0,0,0,0,0,0,0,0,0,0,0,0,0,0,0,0,0,40,0,0,0,0,0,0,0,40,0,0,0,20,20,0,0,0,60,0,0,0,0,0,60,0
anyone else kinda like how it feels after you floss and ur gums are inflammed,0,1,15,1.16,99,93.95,,15,6.67,86.67,80,66.67,26.67,13.33,0,0,13.33,0,0,13.33,0,0,0,13.33,6.67,13.33,13.33,0,13.33,6.67,0,0,0,0,0,40,0,33.33,13.33,6.67,0,13.33,0,6.67,0,0,0,0,0,0,0,0,0,0,0,20,0,0,0,0,0,0,20,0,0,0,0,0,0,0,0,0,0,0,0,0,0,6.67,0,0,0,0,0,0,0,0,0,0,0,0,0,0,0,0,0,6.67,6.67,0,0,0,0,0,6.67,6.67,0,13.33,0,13.33,13.33,0,0,0,0,0,0,0,0,0,0,0
"Day 55 of Lockdown . Finally bought some jigsaw puzzles . Absolutely can not wait for them to come , highlight of my day ( maybe even year )",1,1,24,49.68,6.61,99,,8,20.83,83.33,79.17,54.17,8.33,8.33,4.17,0,0,0,4.17,0,8.33,0,4.17,16.67,4.17,16.67,0,4.17,16.67,0,16.67,0,0,0,0,37.5,0,16.67,0,0,4.17,4.17,4.17,4.17,0,0,0,0,0,0,0,0,0,0,0,4.17,0,0,0,0,0,0,4.17,0,0,0,0,0,0,0,0,4.17,0,0,0,4.17,0,0,0,0,0,0,0,0,0,0,0,0,4.17,0,0,0,0,0,0,16.67,4.17,0,4.17,4.17,0,0,0,20.83,4.17,4.17,0,4.17,0,4.17,0,0,20.83,8.33,4.17,0,0,0,8.33,0
My favorite part of flying is getting to walk past the rich people to get to my poor person seat .,1,1,20,97.77,15.75,98.38,90.5,20,10,95,85,40,10,10,10,0,0,0,0,0,15,5,0,20,5,0,0,0,25,20,5,10,0,0,10,15,0,5,0,0,0,0,0,5,0,15,10,5,0,0,0,0,0,0,0,10,0,0,0,0,0,0,10,0,0,0,0,0,0,0,0,5,0,0,0,5,0,0,0,0,0,0,0,0,0,0,0,0,10,0,0,0,0,0,0,10,10,0,10,0,0,0,0,5,5,5,0,0,0,0,0,0,5,5,0,0,0,0,0,0
"@USER @USER All / any updates are fully appreciated Mike . Many thanks",0,1,11,45.12,,50.45,99,5.5,18.18,72.73,54.55,45.45,0,0,0,0,0,0,0,0,27.27,0,0,0,9.09,9.09,0,0,18.18,9.09,18.18,0,0,0,0,54.55,9.09,27.27,9.09,0,0,9.09,9.09,0,0,18.18,18.18,0,9.09,9.09,0,0,0,0,0,18.18,18.18,18.18,9.09,0,0,9.09,0,0,0,0,0,0,0,0,0,0,0,0,0,0,0,0,0,0,0,0,0,0,0,0,0,0,0,0,9.09,0,0,0,0,0,0,0,0,0,0,0,0,9.09,0,9.09,0,0,0,0,0,0,36.36,9.09,0,0,0,0,27.27,0
wearing all manners of rings and chains bc i always have to be the sexiest person in the home depot,0,1,20,80.96,40.06,63.35,90.5,20,15,85,65,55,5,5,5,0,0,0,0,0,15,10,0,15,10,5,10,0,15,5,5,0,0,0,0,15,10,5,0,5,0,0,0,0,0,5,5,0,0,0,0,0,0,0,0,10,5,0,5,0,0,0,5,0,0,0,0,0,0,0,0,5,0,5,0,0,0,5,0,0,0,0,0,5,0,0,10,0,0,0,0,0,0,0,0,0,10,0,0,10,0,0,0,5,0,0,10,5,5,0,0,0,0,0,0,0,0,0,0,0
"@USER This art is giving me Mario Strikers Charged concept art vibes . This is really nice !",0,1,16,5.64,11.66,15.38,96.74,8,18.75,68.75,50,37.5,18.75,6.25,6.25,0,0,0,0,12.5,12.5,0,0,0,12.5,6.25,0,0,18.75,6.25,0,0,0,0,0,25,0,12.5,6.25,0,0,0,6.25,0,0,6.25,6.25,0,0,0,0,0,0,0,0,0,0,0,0,0,0,0,0,0,0,0,0,0,0,0,0,12.5,12.5,0,0,0,0,0,0,0,0,0,0,0,0,0,0,0,0,0,0,0,0,0,0,0,0,0,0,0,0,0,0,0,0,12.5,0,0,0,0,0,0,18.75,6.25,0,0,6.25,0,6.25,0
"Even though my mom has to work a 12 hr shift today , I ' m thankful she ' s happy with what she does and that she is doing what she needs to do in order to care for her children . She is the strongest and most important woman in my life . Without her , I am nothing .",0,1,55,11.02,71.57,1,98.85,18.33,10.91,92.73,76.36,65.45,25.45,20,7.27,0,0,12.73,0,5.45,14.55,3.64,1.82,14.55,12.73,5.45,5.45,1.82,16.36,9.09,1.82,7.27,1.82,1.82,3.64,16.36,1.82,5.45,0,0,1.82,0,0,3.64,0,7.27,7.27,0,3.64,3.64,0,0,0,0,0,21.82,1.82,1.82,0,0,0,0,18.18,1.82,0,16.36,0,0,0,0,0,1.82,0,0,1.82,0,0,0,0,0,0,0,0,0,0,0,5.45,0,0,0,0,0,0,0,0,5.45,3.64,0,0,3.64,0,0,0,1.82,0,10.91,3.64,0,0,0,0,0,12.73,5.45,3.64,0,0,3.64,0,0
"apparently it ' s the biggest ask on the planet to find decently priced sandals with an enclosed toe . PLEASE , INTERNET . I just want to have vaguely summery shoes that do n't involve me having my toes out to the world at all times lmfaoo",1,1,44,81.89,2.53,66.42,55.62,14.67,20.45,86.36,68.18,56.82,13.64,9.09,9.09,0,0,0,0,4.55,15.91,9.09,0,15.91,6.82,9.09,0,0,13.64,2.27,6.82,0,0,0,0,18.18,2.27,9.09,2.27,0,2.27,4.55,0,0,0,2.27,2.27,0,0,0,0,0,0,0,2.27,6.82,6.82,2.27,2.27,0,2.27,2.27,0,0,0,0,0,2.27,0,0,2.27,2.27,0,0,0,2.27,0,4.55,0,0,0,0,0,0,0,0,0,2.27,0,0,0,0,0,0,0,9.09,11.36,0,0,6.82,2.27,0,0,4.55,0,0,0,2.27,2.27,0,0,0,11.36,4.55,2.27,0,0,4.55,0,0
anthony dropped his phone in the ocean,0,1,7,99,97.11,24.32,,7,28.57,71.43,57.14,42.86,14.29,14.29,0,0,0,14.29,0,0,28.57,14.29,0,14.29,0,0,0,0,14.29,0,0,0,0,0,0,0,0,0,0,0,0,0,0,0,0,0,0,0,0,0,0,0,0,0,0,28.57,14.29,0,0,0,0,14.29,14.29,0,0,0,14.29,14.29,0,0,14.29,0,0,0,0,0,0,0,0,0,0,0,0,0,0,0,0,0,0,0,0,0,0,0,0,0,28.57,0,14.29,14.29,0,0,0,0,14.29,0,0,0,0,0,0,0,0,0,0,0,0,0,0,0
"Yeah I ' m following a lot of shows right now , the price is right is pretty good but season 1 is better than season 2",1,1,25,51.7,1.98,85.71,99,25,4,92,56,40,4,4,4,0,0,0,0,0,8,8,8,8,12,8,8,0,16,8,8,4,0,4,0,36,0,12,0,0,0,4,0,8,0,8,8,0,4,4,0,0,0,0,0,0,0,0,0,0,0,0,0,0,0,0,0,0,0,0,0,4,0,0,0,4,0,0,0,0,0,0,0,0,0,0,0,0,0,0,0,0,0,0,0,24,0,0,0,0,0,0,0,12,0,16,0,4,0,4,0,0,8,0,4,0,0,4,0,0
does anyone else buy pound cake in bulk from costco,0,1,10,69.05,40.06,63.35,,10,0,90,70,50,10,0,0,0,0,0,0,10,0,0,0,20,10,10,0,0,10,10,20,0,0,0,0,30,0,20,0,0,0,10,0,10,0,0,0,0,0,0,0,0,0,0,0,10,0,0,0,0,0,0,10,0,0,0,0,0,0,0,0,10,0,0,0,10,0,10,0,0,0,0,0,0,10,0,0,0,10,0,0,0,0,0,0,10,10,0,0,10,0,0,0,0,0,10,0,0,0,0,0,0,0,0,0,0,0,0,0,0
Oh what a surprise BBC weather says it ' s raining in Manchester ! in Manchester !,1,1,14,96.35,,24.32,,7,35.71,57.14,50,35.71,14.29,0,0,0,0,0,0,14.29,7.14,7.14,0,14.29,0,0,0,0,7.14,0,0,0,0,0,0,7.14,0,0,0,0,0,0,0,0,0,7.14,0,0,7.14,0,0,0,0,0,0,7.14,7.14,0,0,0,0,7.14,0,0,0,0,0,0,0,0,0,0,0,0,0,0,0,0,0,0,0,0,0,0,0,0,0,0,0,0,0,0,0,0,0,0,21.43,7.14,0,14.29,0,0,0,0,0,7.14,0,7.14,0,0,7.14,0,21.43,0,0,0,14.29,7.14,0,0
":d izzy : jsc bonding nights :d izzy : : smiling_face_with_hearts : :p artying_face :",1,1,10,,,7.03,,10,30,30,10,0,0,0,0,0,0,0,0,0,0,0,0,0,0,0,0,0,0,0,0,10,10,0,0,10,0,0,0,0,0,0,0,0,0,0,0,0,0,0,0,0,0,0,0,10,10,0,0,0,0,0,0,0,0,0,0,0,0,0,0,0,0,0,0,0,0,0,0,0,0,0,0,0,0,0,0,0,0,0,0,0,0,0,0,0,0,0,0,0,0,0,0,10,0,0,0,10,10,0,0,0,120,0,0,0,0,0,120,0
I am just loving life in Covid times . Long may it last !,1,1,12,10.19,6.61,99,99,6,0,100,58.33,50,16.67,8.33,8.33,0,0,0,0,8.33,0,0,0,8.33,16.67,8.33,0,0,16.67,8.33,8.33,0,0,0,0,33.33,0,8.33,0,0,0,8.33,0,0,0,8.33,8.33,0,8.33,8.33,0,0,0,0,0,16.67,8.33,8.33,0,0,0,0,0,0,0,0,0,0,0,0,0,0,0,0,0,0,0,8.33,8.33,8.33,0,0,0,0,0,0,0,0,0,0,0,0,0,0,0,25,16.67,0,0,16.67,0,0,0,16.67,0,8.33,8.33,0,0,0,0,0,16.67,8.33,0,0,8.33,0,0,0
tiktok ' s full name is tictactoetok,1,1,6,49.68,98.75,39.59,,6,16.67,66.67,50,16.67,0,0,0,0,0,0,0,0,0,0,0,0,16.67,0,0,0,16.67,16.67,16.67,0,0,0,0,16.67,0,0,0,0,0,0,0,0,0,0,0,0,0,0,0,0,0,0,0,16.67,0,0,0,0,0,0,16.67,0,0,0,0,0,0,0,0,0,0,0,0,0,0,0,0,0,0,0,0,0,0,0,0,0,0,0,16.67,0,0,0,0,16.67,16.67,0,0,16.67,0,0,0,0,0,16.67,0,16.67,16.67,0,0,0,16.67,0,0,0,0,16.67,0,0
"@USER I think you ' re so cool ! :)",0,1,8,1,94.84,89.39,99,4,0,75,75,37.5,25,25,12.5,0,12.5,0,0,0,0,0,0,0,0,12.5,12.5,0,12.5,12.5,0,0,0,0,0,12.5,0,12.5,12.5,0,0,0,0,0,0,25,25,0,12.5,12.5,0,0,0,0,0,12.5,0,0,0,0,0,0,12.5,0,0,0,0,0,0,0,0,0,0,0,0,0,0,0,0,0,0,0,0,0,0,0,0,0,0,0,0,0,0,0,0,0,12.5,0,0,0,0,0,12.5,0,0,0,0,12.5,12.5,0,0,0,62.5,0,0,0,12.5,12.5,37.5,0
hey quick question is it fall or spring ? ? ?,1,1,8,5.64,1.71,99,,8,12.5,87.5,62.5,37.5,12.5,0,0,0,0,0,0,12.5,0,0,0,0,12.5,0,12.5,0,12.5,12.5,0,0,0,0,0,50,0,25,12.5,0,0,25,0,12.5,0,0,0,0,0,0,0,0,0,0,0,25,25,0,0,0,0,25,0,0,0,0,0,0,0,0,0,0,0,0,0,0,0,0,0,0,0,0,0,0,0,0,0,0,0,0,0,0,0,0,0,12.5,12.5,0,12.5,12.5,0,0,0,12.5,0,12.5,0,12.5,12.5,0,0,0,37.5,0,0,37.5,0,0,0,0
so @USER really knocked it out of the park on this album . there are not enough words that can describe how much i love BILC . i could spend forever inside of it : black_heart :,0,1,33,20.83,5.27,50.45,20.23,11,12.12,84.85,69.7,63.64,18.18,6.06,6.06,0,0,0,0,12.12,12.12,3.03,0,15.15,9.09,12.12,3.03,3.03,15.15,6.06,6.06,0,0,0,0,18.18,3.03,12.12,3.03,3.03,6.06,0,3.03,0,0,6.06,3.03,3.03,3.03,3.03,0,0,0,0,0,9.09,9.09,0,0,0,0,6.06,0,0,0,0,0,0,0,0,0,3.03,0,0,0,3.03,0,0,0,0,0,0,0,0,0,0,0,0,0,6.06,0,0,0,0,0,6.06,12.12,0,3.03,9.09,0,0,0,3.03,3.03,6.06,0,0,0,0,0,0,18.18,6.06,0,0,0,0,12.12,0
I just absolutely LOVE how I ' ve got to work outside for the next 3 days in the heatwave . #sweatingmyballsoff,1,1,20,94.88,3.95,98.38,90.5,10,20,85,70,55,10,10,10,0,0,0,0,0,10,10,5,20,0,15,0,0,5,5,5,0,0,0,0,20,0,10,5,5,0,0,5,0,0,5,5,0,5,5,0,0,0,0,0,5,5,0,0,0,0,0,0,0,0,0,0,0,0,0,0,0,0,0,0,0,0,10,10,0,0,0,0,0,0,0,0,0,5,0,0,0,0,0,0,5,5,0,0,5,0,0,0,10,0,0,0,5,0,5,0,0,15,5,0,0,0,5,5,0
True bliss is laying in an ice cold bath during the hottest part of the year,0,1,16,99,11.66,99,96.74,16,6.25,93.75,81.25,43.75,0,0,0,0,0,0,0,0,18.75,18.75,0,18.75,6.25,0,0,0,12.5,18.75,12.5,0,0,0,0,31.25,0,12.5,0,0,0,0,0,6.25,0,6.25,6.25,0,6.25,6.25,0,0,0,0,0,0,0,0,0,0,0,0,0,0,0,0,0,0,0,0,0,6.25,6.25,0,0,0,0,6.25,6.25,0,0,0,0,0,0,0,0,0,0,0,0,0,0,0,0,6.25,25,0,6.25,12.5,0,0,12.5,12.5,0,6.25,0,0,0,0,0,0,0,0,0,0,0,0,0,0
"AMAZING game , @USER ! So happy to have you in Vegas ! : red_heart : : red_heart : : red_heart :",0,1,13,53.56,98.04,2.93,99,4.33,30.77,61.54,46.15,38.46,7.69,7.69,0,0,7.69,0,0,0,0,0,0,15.38,7.69,7.69,7.69,0,7.69,7.69,0,0,0,0,0,0,0,0,0,0,0,0,0,0,0,15.38,15.38,0,15.38,15.38,0,0,0,0,0,7.69,0,0,0,0,0,0,7.69,0,0,0,0,0,0,0,0,7.69,7.69,0,0,0,0,0,0,0,0,0,0,0,0,0,0,0,0,0,0,0,0,0,0,7.69,7.69,0,0,7.69,0,0,0,0,0,0,0,0,0,0,0,0,100,0,7.69,0,15.38,0,76.92,0
"@USER @USER Yes please let us know . I am interested in buying some LTC",0,1,14,56.86,79.51,72.58,98.65,7,7.14,78.57,57.14,35.71,14.29,14.29,7.14,7.14,0,0,0,0,7.14,0,0,7.14,7.14,0,0,0,21.43,0,7.14,7.14,7.14,0,0,21.43,7.14,7.14,7.14,0,0,0,0,0,0,7.14,7.14,0,0,0,0,0,0,0,0,14.29,7.14,7.14,7.14,0,0,0,7.14,0,0,0,0,0,0,0,0,7.14,0,0,0,7.14,0,0,0,0,0,0,0,0,0,0,0,0,7.14,0,0,0,0,0,7.14,21.43,14.29,7.14,0,7.14,0,0,0,0,0,7.14,0,7.14,0,7.14,0,0,21.43,7.14,0,0,0,0,14.29,0
"@USER @USER @USER You can call it whatever but it was stupid and not an inserection ... if it was there would have been arms and the building would have been taken over and btw ... it has been proven non Republican militia were in there also involved and present",0,1,48,1,18.97,8.11,4.22,16,14.58,83.33,72.92,66.67,12.5,2.08,0,0,2.08,0,0,10.42,4.17,4.17,0,4.17,25,6.25,14.58,2.08,27.08,2.08,0,2.08,0,0,2.08,31.25,0,14.58,2.08,0,6.25,2.08,2.08,6.25,0,2.08,0,2.08,0,0,0,0,0,0,0,4.17,2.08,0,0,0,0,2.08,2.08,0,0,0,0,4.17,4.17,0,0,0,0,0,0,0,0,2.08,0,0,0,0,0,0,0,0,0,0,2.08,0,0,0,0,0,0,6.25,8.33,0,0,8.33,0,0,0,0,14.58,4.17,0,2.08,2.08,0,0,0,18.75,12.5,0,0,0,0,6.25,0
Happy Birthday to Chris Lowe of Pet Shop Boys . Your music is the backbone of my existence . #chrislowe #happybirthdaychrislowe #petshopboys HTTPURL,0,1,21,94.68,97.11,5.94,99,7,33.33,66.67,38.1,33.33,9.52,9.52,4.76,0,4.76,0,0,0,14.29,4.76,0,14.29,4.76,0,0,0,4.76,4.76,0,4.76,4.76,0,0,9.52,0,0,0,0,0,0,0,0,0,9.52,9.52,0,4.76,4.76,0,0,0,0,0,14.29,0,0,0,0,0,0,14.29,4.76,0,0,4.76,4.76,0,0,4.76,14.29,4.76,4.76,0,4.76,0,0,0,0,0,0,0,0,0,0,0,0,0,0,0,0,0,0,0,0,4.76,0,0,0,0,4.76,0,4.76,0,4.76,0,0,0,0,0,0,23.81,9.52,0,0,0,0,14.29,0
my greatest downfall is having an upset stomach then eating spicy food to make it worse .,0,1,16,43.4,11.66,15.38,1,16,18.75,93.75,75,43.75,12.5,6.25,6.25,0,0,0,0,6.25,12.5,6.25,0,6.25,12.5,0,6.25,0,25,18.75,0,0,0,0,0,12.5,0,6.25,0,6.25,0,0,0,0,0,18.75,6.25,12.5,6.25,0,6.25,0,0,6.25,0,0,0,0,0,0,0,0,0,0,0,0,0,0,0,0,0,0,0,0,0,0,0,25,0,0,0,0,0,0,18.75,0,0,0,0,0,0,0,0,0,0,6.25,6.25,0,0,0,0,0,0,6.25,0,6.25,0,0,0,0,0,0,6.25,6.25,0,0,0,0,0,0
"too many words , not enough pictures",0,1,6,10.19,1,,,6,16.67,83.33,50,50,0,0,0,0,0,0,0,0,16.67,0,0,0,0,16.67,0,16.67,0,33.33,33.33,0,0,0,0,0,0,0,0,0,0,0,0,0,0,0,0,0,0,0,0,0,0,0,0,16.67,16.67,0,0,0,0,16.67,0,0,0,0,0,0,0,0,0,0,0,0,0,0,0,0,0,0,0,0,0,0,0,0,0,0,0,33.33,0,0,0,0,0,0,0,0,0,0,0,0,0,0,0,0,0,0,0,0,0,0,16.67,0,16.67,0,0,0,0,0
"Just watched the Murray game and BBC commentary after . Is n't "" Andrew Castle "" cockney rhyming slang for something ? Should be .",0,1,20,39.7,,1,,6.67,25,55,50,45,5,0,0,0,0,0,0,5,5,5,0,10,15,5,10,0,20,0,0,0,0,0,0,15,0,10,0,0,5,5,0,0,0,0,0,0,0,0,0,0,0,0,0,0,0,0,0,0,0,0,0,0,0,0,0,0,0,0,0,5,5,0,0,0,0,0,0,0,0,0,0,0,0,0,0,0,0,0,0,0,0,0,0,0,5,5,0,0,5,0,0,5,5,5,0,0,0,0,0,0,30,10,0,5,0,5,10,0
I just love going out in the rain . It is so nice going to the park when it is pouring with rain . It is so cool to get mud in your hair and your socks drenched . I love it .,1,1,39,18.87,69.89,48.76,99,9.75,5.13,82.05,71.79,61.54,20.51,10.26,5.13,0,5.13,0,0,10.26,10.26,5.13,0,15.38,7.69,10.26,10.26,0,15.38,5.13,0,0,0,0,0,10.26,0,0,0,0,0,0,0,0,0,10.26,10.26,0,5.13,5.13,0,0,0,0,0,10.26,5.13,0,0,0,0,0,5.13,0,0,0,0,0,0,0,0,0,0,0,0,0,0,2.56,0,0,0,0,0,0,0,0,0,0,2.56,0,0,0,0,0,0,10.26,12.82,0,2.56,7.69,0,0,2.56,2.56,0,7.69,7.69,0,0,0,0,0,10.26,10.26,0,0,0,0,0,0
"@USER Excited for season two :)",0,1,6,99,,39.59,99,6,16.67,83.33,50,33.33,0,0,0,0,0,0,0,0,16.67,0,16.67,16.67,0,0,0,0,0,0,16.67,0,0,0,0,16.67,0,0,0,0,0,0,0,0,0,33.33,33.33,0,33.33,33.33,0,0,0,0,0,0,0,0,0,0,0,0,0,0,0,0,0,0,0,0,0,0,0,0,0,0,0,0,0,0,0,0,0,0,0,0,0,0,0,0,0,0,0,0,0,0,0,0,0,0,0,0,0,16.67,0,0,0,16.67,16.67,0,0,0,50,0,0,0,0,0,50,0
"Like all humans , I make some decisions that go against the best interests of myself or others . One such decision is sometimes eating too much sugar , another was consuming animal products . I would love the government to nudge me towards better decisions . #NationalFoodStrategy",0,1,43,64.59,1,99,87.73,10.75,27.91,93.02,69.77,53.49,16.28,9.3,9.3,0,0,0,0,6.98,18.6,4.65,2.33,11.63,6.98,2.33,2.33,0,16.28,6.98,11.63,6.98,0,4.65,2.33,32.56,2.33,25.58,6.98,2.33,4.65,4.65,0,9.3,0,13.95,9.3,4.65,4.65,4.65,0,0,0,0,0,4.65,2.33,0,0,0,0,0,2.33,0,0,0,0,2.33,2.33,0,0,2.33,0,0,2.33,0,0,4.65,0,0,0,0,0,0,4.65,0,0,0,0,0,0,0,0,0,2.33,11.63,9.3,2.33,4.65,4.65,0,0,0,2.33,2.33,2.33,0,0,0,0,0,0,13.95,6.98,4.65,0,0,0,2.33,0
"@USER @USER Agree with all that he said with the previso that civilians and arms leave before the last of the troops left ... that was Biden ' s huge error",0,1,29,89.52,90.41,7.91,,14.5,6.9,79.31,62.07,48.28,13.79,3.45,0,0,0,3.45,0,10.34,24.14,10.34,0,13.79,3.45,0,6.9,0,10.34,3.45,6.9,3.45,3.45,0,0,17.24,3.45,0,0,0,0,0,0,0,0,0,0,0,0,0,0,0,0,0,0,17.24,6.9,0,0,0,0,3.45,10.34,0,0,0,3.45,0,0,0,0,0,0,0,0,0,0,3.45,0,0,0,0,0,0,0,0,0,0,0,0,0,0,0,0,0,0,6.9,0,3.45,3.45,0,0,0,6.9,6.9,0,0,3.45,0,3.45,0,0,20.69,10.34,0,0,0,3.45,6.9,0
Who ' s ready for monsoon storms allllll weekend ? ! ? !,1,1,8,89.52,94.84,89.39,99,8,37.5,50,37.5,25,12.5,12.5,0,0,0,0,0,0,0,0,0,12.5,0,0,0,0,0,12.5,0,0,0,0,0,12.5,0,0,0,0,0,0,0,0,0,12.5,12.5,0,0,0,0,0,0,0,0,12.5,0,0,0,0,0,0,12.5,0,0,0,0,0,0,0,0,12.5,12.5,0,0,0,0,0,0,0,0,0,0,0,0,0,0,0,0,0,0,0,0,0,0,12.5,0,0,0,0,0,0,0,25,0,0,0,0,0,0,0,0,62.5,0,0,25,25,12.5,0,0
Really happy that the weather has stayed like this for the whole weekend,1,1,13,89.52,,30.98,99,13,15.38,92.31,84.62,61.54,15.38,0,0,0,0,0,0,15.38,30.77,15.38,0,15.38,7.69,7.69,0,0,15.38,15.38,7.69,0,0,0,0,23.08,0,7.69,0,0,0,0,7.69,0,0,7.69,7.69,0,7.69,7.69,0,0,0,0,0,0,0,0,0,0,0,0,0,0,0,0,0,0,0,0,0,7.69,7.69,0,0,0,0,0,0,0,0,0,0,0,0,0,0,0,0,0,0,0,0,0,0,7.69,7.69,0,0,7.69,0,0,0,7.69,7.69,7.69,0,0,0,0,0,0,0,0,0,0,0,0,0,0
My favorite thing is that literally ONLY my @USER says I have to have a prescription for syringes that I ' ve been getting OTC for years . This is the kind of shit diabetics are facing .,0,1,35,24.37,1,42.95,65.27,17.5,17.14,82.86,65.71,54.29,22.86,11.43,11.43,0,0,0,0,11.43,20,5.71,0,11.43,17.14,2.86,0,0,22.86,5.71,2.86,0,0,0,0,20,0,2.86,0,0,0,0,0,2.86,0,5.71,2.86,0,0,0,0,0,0,0,2.86,2.86,2.86,0,0,0,0,2.86,0,0,0,0,0,0,0,0,0,0,0,0,0,0,0,5.71,5.71,2.86,0,0,0,0,0,0,5.71,0,2.86,0,0,0,0,0,0,5.71,0,0,0,0,0,0,0,2.86,2.86,11.43,5.71,0,0,0,0,0,11.43,5.71,0,0,0,2.86,2.86,0
the worst thing about coffee is that it looks so nice and then you drink it and it just isnt,0,1,20,1,40.06,7.03,20.23,20,0,100,90,75,30,5,0,0,5,0,0,25,10,5,0,5,10,15,20,5,15,10,0,0,0,0,0,10,0,5,0,0,0,0,0,5,0,10,5,5,0,0,0,0,0,0,0,5,0,0,0,0,0,0,5,0,0,0,0,0,0,0,0,0,0,0,0,0,0,10,0,0,0,0,0,0,10,0,0,0,0,0,0,0,0,0,0,0,5,0,0,0,5,0,0,5,0,15,0,0,0,0,0,0,0,0,0,0,0,0,0,0
"raise your words , not your voice . it is rain that grows flowers not the thunder . aka do n't be mad , Stoopid .",0,1,21,2.35,40.06,56.69,1,7,14.29,71.43,61.9,52.38,19.05,9.52,0,0,9.52,0,0,9.52,19.05,4.76,0,0,14.29,4.76,0,9.52,19.05,4.76,0,0,0,0,0,14.29,0,9.52,0,0,0,0,0,9.52,0,4.76,0,4.76,4.76,0,4.76,0,4.76,0,0,14.29,4.76,0,0,0,0,4.76,9.52,0,0,0,0,0,0,0,0,0,0,0,0,0,0,0,0,0,0,0,0,0,0,0,0,0,0,0,0,0,0,0,0,0,9.52,0,4.76,4.76,0,0,0,0,0,9.52,0,4.76,4.76,0,0,0,28.57,14.29,9.52,0,0,4.76,0,0
Been looking forward to watching Coxsey ' s bouldering on @USER for a week and the climbing channel is suddenly showing horses . Horses . Horses ! HORSES ! ! ! : enraged_face : : enraged_face : : enraged_face :,0,1,27,93.76,,52.89,1,5.4,40.74,66.67,44.44,33.33,0,0,0,0,0,0,0,0,7.41,7.41,0,11.11,7.41,3.7,3.7,0,11.11,0,3.7,3.7,0,3.7,0,14.81,0,0,0,0,0,0,0,0,0,11.11,0,11.11,11.11,0,11.11,0,11.11,0,0,0,0,0,0,0,0,0,0,0,0,0,0,0,0,0,0,0,0,0,0,0,0,0,0,0,0,0,0,0,0,0,0,0,0,0,0,0,0,0,0,0,18.52,3.7,3.7,7.41,11.11,0,0,7.41,3.7,3.7,0,0,0,0,0,0,62.96,7.41,0,0,14.81,3.7,37.04,0
Finding out my internship keeps Coke products stocked in every kitchen on every floor nearly made me cry,0,1,18,89.52,2.75,99,20.23,18,27.78,100,66.67,44.44,11.11,11.11,11.11,0,0,0,0,0,16.67,0,0,16.67,0,5.56,0,0,22.22,0,11.11,5.56,0,0,5.56,38.89,11.11,16.67,5.56,5.56,0,5.56,0,0,0,11.11,5.56,5.56,5.56,0,5.56,0,0,5.56,0,5.56,5.56,0,0,0,0,5.56,0,0,0,0,0,0,0,0,0,16.67,0,5.56,11.11,0,0,11.11,0,0,0,0,0,0,11.11,0,0,0,0,0,0,0,0,0,0,5.56,22.22,0,0,22.22,0,0,0,0,11.11,5.56,0,0,0,0,0,0,0,0,0,0,0,0,0,0
Replace Pelosi #Nancy,0,1,3,,,,,3,33.33,33.33,33.33,0,0,0,0,0,0,0,0,0,0,0,0,0,0,0,0,0,33.33,0,0,0,0,0,0,0,0,0,0,0,0,0,0,0,0,0,0,0,0,0,0,0,0,0,0,0,0,0,0,0,0,0,0,0,0,0,0,0,0,0,0,0,0,0,0,0,0,0,0,0,0,0,0,0,0,0,0,0,0,0,0,0,0,0,0,0,0,0,0,0,0,0,0,0,0,0,0,0,0,0,0,0,33.33,0,0,0,0,0,33.33,0
"@USER @USER Well , illegal immigrants categorically do n't get money from the government but why let a little thing like facts get in the way of a good bit of xenophobia ...",1,1,31,98.66,59.25,6.29,20.23,31,16.13,80.65,61.29,45.16,3.23,0,0,0,0,0,0,3.23,12.9,12.9,0,16.13,3.23,6.45,3.23,0,12.9,3.23,6.45,3.23,0,0,3.23,6.45,0,6.45,0,3.23,0,0,0,3.23,0,12.9,6.45,6.45,3.23,3.23,0,0,0,0,0,6.45,0,0,0,0,0,0,6.45,0,0,0,0,9.68,9.68,6.45,0,3.23,0,0,0,3.23,0,0,0,0,0,0,0,0,0,0,0,0,6.45,0,0,0,0,0,0,16.13,6.45,0,0,6.45,0,0,0,0,0,0,0,0,0,0,0,0,22.58,9.68,3.23,0,0,3.23,6.45,0
""" are you experiencing suicidal or homicidal ideation ? "" "" only while trying to talk to a human when I call @USER pharmacy """,1,1,20,26.1,69.2,28.56,1,10,25,85,65,50,10,10,5,0,5,0,0,0,5,5,0,10,5,10,15,0,15,10,0,5,0,5,0,25,0,10,0,0,5,5,0,5,0,5,0,5,0,0,0,0,0,0,0,25,15,0,0,5,0,10,10,0,0,0,0,0,0,0,0,0,0,0,0,0,0,15,10,0,0,5,0,0,0,10,0,0,0,0,0,0,0,0,0,10,0,0,0,0,0,0,0,10,0,5,0,0,0,0,0,0,30,0,0,5,0,0,25,0
Friday Night Dinners will never be the same . So sad . #PaulRitter,0,1,11,1.5,1,99,1,3.67,18.18,90.91,63.64,45.45,0,0,0,0,0,0,0,0,9.09,9.09,0,0,18.18,18.18,9.09,9.09,18.18,18.18,0,0,0,0,0,45.45,9.09,9.09,0,0,0,0,0,9.09,0,9.09,0,9.09,9.09,0,9.09,0,0,9.09,0,0,0,0,0,0,0,0,0,0,0,0,0,0,0,0,0,0,0,0,0,0,0,9.09,0,0,0,0,0,0,9.09,0,0,0,0,0,0,0,0,0,0,9.09,0,0,0,0,0,0,0,27.27,0,0,9.09,0,0,0,0,0,27.27,18.18,0,0,0,0,9.09,0
There may never be a better celebrity cameo in our time than that one scene in Space Jam 2 .,0,1,19,36.67,70.59,99,92.27,19,5.26,84.21,63.16,57.89,10.53,5.26,0,5.26,0,0,0,5.26,21.05,5.26,10.53,15.79,10.53,10.53,5.26,5.26,10.53,5.26,5.26,15.79,5.26,5.26,5.26,21.05,5.26,10.53,0,0,0,5.26,0,5.26,0,5.26,5.26,0,0,0,0,0,0,0,0,10.53,0,0,0,0,0,0,10.53,0,0,0,0,0,0,0,0,5.26,5.26,0,0,0,0,0,0,0,0,0,0,0,0,0,0,0,0,0,0,0,0,0,0,10.53,21.05,0,0,21.05,0,0,0,10.53,0,0,5.26,0,0,0,0,0,5.26,5.26,0,0,0,0,0,0
Got a bloody screening invitation for a massive film - YES THAT ONE YOURE THINKING OF - and both screenings are on school days : loudly_crying_face : tempted to quit teaching tbh,1,1,28,93.64,61.28,8.95,1,28,28.57,89.29,71.43,46.43,7.14,3.57,0,0,3.57,0,0,3.57,17.86,7.14,3.57,17.86,10.71,0,3.57,0,17.86,7.14,14.29,3.57,0,3.57,0,21.43,3.57,7.14,7.14,0,0,0,0,0,0,3.57,0,3.57,0,0,0,0,0,0,3.57,14.29,10.71,3.57,0,0,0,0,3.57,0,0,0,0,0,0,0,0,10.71,3.57,0,7.14,0,0,0,0,0,0,0,0,0,0,0,0,3.57,3.57,0,0,0,0,0,0,3.57,0,0,0,0,0,0,0,3.57,0,7.14,0,7.14,3.57,3.57,0,0,21.43,0,0,0,0,0,21.43,0
High stakes legos,1,1,3,,,99,,3,0,33.33,33.33,0,0,0,0,0,0,0,0,0,0,0,0,0,0,0,0,0,0,33.33,0,0,0,0,0,0,0,0,0,0,0,0,0,0,0,0,0,0,0,0,0,0,0,0,0,0,0,0,0,0,0,0,0,0,0,0,0,0,0,0,0,0,0,0,0,0,0,0,0,0,0,0,0,0,0,0,0,0,0,0,0,0,0,0,0,33.33,33.33,0,0,33.33,0,0,0,0,0,0,0,0,0,0,0,0,0,0,0,0,0,0,0,0
School psych life if fun because you can feel like complete shit but chances are you have meeting that determines changes in a student ' s education that ' s bound by legal timelines and took coordination of 6 different schedules and you ' re the only one who can run it,1,1,49,38.51,83.6,37.24,51.68,49,24.49,89.8,59.18,46.94,14.29,8.16,0,0,6.12,0,0,6.12,10.2,4.08,4.08,8.16,8.16,0,10.2,0,14.29,6.12,2.04,2.04,0,0,2.04,32.65,4.08,20.41,4.08,4.08,4.08,4.08,0,6.12,0,4.08,2.04,0,2.04,2.04,0,0,0,0,2.04,14.29,2.04,0,0,0,0,2.04,10.2,0,0,0,0,0,0,0,0,14.29,2.04,0,12.24,0,0,0,0,0,0,0,0,0,0,0,0,0,2.04,0,2.04,0,0,0,0,12.24,6.12,0,2.04,2.04,0,0,2.04,6.12,2.04,10.2,0,0,0,0,0,0,6.12,0,0,0,0,6.12,0,0
did anyone else get a notification from @USER saying american horror story s9 was available but does n't show up when you search for it ? !,0,1,25,28.63,63.73,35.01,1,25,12,88,64,52,12,4,0,0,4,0,0,8,4,4,4,12,12,8,8,0,20,8,0,0,0,0,0,28,0,12,0,0,0,4,0,8,0,4,0,4,4,0,4,4,0,0,0,16,8,0,0,0,0,8,8,0,0,0,0,4,0,4,0,0,0,0,0,0,0,0,0,0,0,0,0,0,0,0,0,0,4,0,0,0,0,0,8,4,16,8,0,4,4,0,0,4,8,4,0,0,0,0,0,0,16,0,0,4,4,4,4,0
Markets already down,0,1,3,89.52,,99,,3,66.67,100,66.67,66.67,0,0,0,0,0,0,0,0,0,0,0,33.33,0,33.33,0,0,0,0,0,0,0,0,0,33.33,0,0,0,0,0,0,0,0,0,0,0,0,0,0,0,0,0,0,0,0,0,0,0,0,0,0,0,0,0,0,0,0,0,0,0,33.33,0,0,0,33.33,0,0,0,0,0,0,0,0,0,0,0,0,0,0,0,0,0,0,0,0,33.33,0,0,33.33,0,0,0,33.33,33.33,0,0,0,0,0,0,0,0,0,0,0,0,0,0,0
"I was in no way prepared for the emotional wringing of my soul that #TalesFromtheLoop would put me through . And the score ? Stunning . If you want something beautiful , intelligent and unique to watch , give it a go . It ' s on Amazon Prime . I ' m off for a lie down and a cry .",0,1,52,83.25,7.93,44.14,49.66,8.67,17.31,88.46,78.85,57.69,17.31,9.62,7.69,0,1.92,0,0,7.69,13.46,9.62,0,17.31,3.85,0,7.69,1.92,15.38,9.62,0,0,0,0,0,19.23,3.85,9.62,0,0,3.85,3.85,0,3.85,0,9.62,3.85,1.92,5.77,0,1.92,0,0,1.92,0,9.62,5.77,0,0,0,0,1.92,3.85,0,0,0,0,0,0,0,0,1.92,0,0,0,0,1.92,0,0,0,0,0,0,0,0,0,0,1.92,0,0,0,0,0,0,0,5.77,11.54,3.85,3.85,5.77,1.92,0,0,0,1.92,1.92,1.92,0,0,0,0,0,21.15,9.62,3.85,1.92,0,3.85,1.92,0
"Piers Morgan getting grief for his comments on silver and bronze medals . But , ask the average person to name 10 British Olympians and they ' ll rattle off 10 gold medalists .",0,1,30,89.52,89.5,1,72.45,15,20,73.33,46.67,33.33,6.67,6.67,0,0,0,3.33,3.33,0,6.67,3.33,6.67,13.33,0,0,10,0,6.67,6.67,3.33,10,0,10,0,6.67,0,3.33,0,0,0,0,0,3.33,0,10,6.67,3.33,3.33,0,3.33,0,0,3.33,0,16.67,3.33,0,0,0,0,3.33,13.33,0,0,0,3.33,3.33,0,3.33,0,0,0,0,0,0,0,0,0,0,0,0,0,0,0,0,0,0,3.33,0,0,0,3.33,0,0,3.33,0,0,0,0,0,0,0,0,0,0,0,0,0,0,0,0,13.33,6.67,3.33,0,0,3.33,0,0
I hope the woman I saw driving a motorcycle wearing a semi-formal dress and cheetah print stilettos has a nice day,0,1,21,89.52,16.63,24.32,99,21,28.57,71.43,61.9,38.1,9.52,9.52,9.52,0,0,0,0,0,19.05,19.05,0,0,4.76,0,4.76,0,19.05,4.76,4.76,0,0,0,0,14.29,0,4.76,0,0,4.76,4.76,0,0,0,9.52,9.52,0,4.76,4.76,0,0,0,0,0,4.76,0,0,0,0,0,0,4.76,0,0,4.76,0,0,0,0,0,0,0,0,0,0,0,0,0,0,0,0,0,0,0,0,0,4.76,0,0,0,0,0,0,0,4.76,9.52,0,4.76,0,4.76,0,0,4.76,4.76,4.76,4.76,0,0,0,0,0,4.76,0,0,0,0,0,4.76,0
"@USER i do n't like to rag on people ' s art styles cuz w / e but this is sincerely so fucking ugly",0,1,22,20.83,5.27,5.07,20.23,22,9.09,68.18,54.55,50,9.09,4.55,4.55,0,0,0,0,4.55,4.55,0,0,13.64,9.09,9.09,13.64,0,9.09,4.55,0,0,0,0,0,13.64,0,9.09,0,4.55,0,0,0,4.55,0,13.64,4.55,4.55,0,0,0,0,0,0,4.55,9.09,4.55,0,4.55,0,0,0,4.55,0,0,0,0,0,0,0,0,4.55,4.55,0,0,0,0,0,0,0,0,0,0,0,0,0,0,0,0,0,0,0,0,0,0,9.09,0,0,0,0,0,0,0,0,0,4.55,0,4.55,4.55,0,0,0,18.18,0,0,0,0,9.09,9.09,0
gaslight gatekeep girl boss,1,1,4,,99,,,4,50,75,0,0,0,0,0,0,0,0,0,0,0,0,0,0,0,0,0,0,0,0,0,50,0,0,50,0,0,0,0,0,0,0,0,0,0,0,0,0,0,0,0,0,0,0,0,75,25,0,0,0,0,0,50,0,0,25,0,0,0,0,0,25,0,0,25,0,0,0,0,0,0,0,0,0,0,0,0,0,0,0,0,0,0,0,0,0,0,0,0,0,0,0,0,0,0,0,0,0,0,0,0,0,0,0,0,0,0,0,0,0
Weathers wonderful today ! : closed_umbrella : : closed_umbrella : : closed_umbrella :,1,1,6,,,39.59,99,3,83.33,33.33,16.67,0,0,0,0,0,0,0,0,0,0,0,0,0,0,0,0,0,0,16.67,0,0,0,0,0,16.67,0,0,0,0,0,0,0,0,0,16.67,16.67,0,16.67,16.67,0,0,0,0,0,0,0,0,0,0,0,0,0,0,0,0,0,0,0,0,0,0,0,0,0,0,0,0,0,0,0,0,0,0,0,0,0,0,0,0,0,0,0,0,0,16.67,0,0,0,0,0,0,0,16.67,0,16.67,0,0,0,0,0,0,166.67,0,0,0,16.67,0,150,0
It costs $ 0.00 to be a decent person : slightly_smiling_face :,0,1,9,89.52,92.24,,,9,11.11,88.89,66.67,44.44,11.11,0,0,0,0,0,0,11.11,11.11,11.11,11.11,11.11,11.11,0,0,0,11.11,11.11,11.11,0,0,0,0,0,0,0,0,0,0,0,0,0,0,0,0,0,0,0,0,0,0,0,0,22.22,11.11,0,0,0,11.11,0,11.11,0,0,0,0,0,0,0,0,11.11,0,0,0,11.11,0,0,0,0,0,0,0,0,0,0,0,0,0,0,0,0,0,0,0,0,0,0,0,0,0,0,0,0,0,0,0,0,0,0,0,0,66.67,11.11,0,0,0,0,55.56,0
"love island is ending , law school is starting again ... summer is really over",1,1,13,14.06,,99,99,6.5,7.69,92.31,53.85,46.15,0,0,0,0,0,0,0,0,0,0,0,7.69,23.08,15.38,0,0,30.77,0,0,7.69,0,0,7.69,61.54,0,7.69,0,0,0,0,7.69,0,0,7.69,7.69,0,7.69,7.69,0,0,0,0,0,7.69,7.69,0,0,0,0,0,0,0,0,0,0,0,0,0,0,7.69,0,0,7.69,0,0,0,0,0,0,0,0,0,0,0,0,0,0,0,0,0,0,0,0,7.69,7.69,0,0,7.69,0,0,0,30.77,0,23.08,0,0,0,0,0,0,30.77,23.08,7.69,0,0,0,0,0
"Ah yes , back spasms when I take a deep breath . This is : sparkles : 28 : sparkles : .",1,1,15,22.17,10.48,93.95,,7.5,13.33,93.33,60,33.33,13.33,6.67,6.67,0,0,0,0,6.67,13.33,6.67,6.67,0,6.67,6.67,6.67,0,13.33,6.67,0,0,0,0,0,20,6.67,0,0,0,0,0,0,0,0,0,0,0,0,0,0,0,0,0,0,0,0,0,0,0,0,0,0,0,0,0,0,0,0,0,0,0,0,0,0,0,0,6.67,0,0,0,0,0,0,0,0,0,0,6.67,0,0,0,0,0,0,20,26.67,0,0,13.33,13.33,0,0,6.67,0,6.67,0,13.33,0,6.67,6.67,0,46.67,13.33,6.67,0,0,0,26.67,0
I love when you go to shop for plus size clothing and it ' s always just shoved under women ' s and it does n't have any subcategories so u just have to wade thru everything like a pig being thrown slop,1,1,41,12.54,68.54,75.67,58.42,41,7.32,82.93,68.29,58.54,14.63,7.32,2.44,0,4.88,0,0,7.32,4.88,2.44,0,17.07,9.76,12.2,12.2,2.44,14.63,0,7.32,0,0,0,0,12.2,4.88,2.44,0,0,0,0,0,2.44,0,2.44,2.44,0,2.44,2.44,0,0,0,0,0,9.76,2.44,0,0,0,0,0,7.32,0,0,2.44,0,0,0,0,0,2.44,0,0,0,2.44,0,0,0,0,0,0,0,0,0,0,4.88,0,0,7.32,0,0,0,0,0,7.32,9.76,0,7.32,4.88,0,0,0,4.88,4.88,2.44,4.88,4.88,4.88,0,0,0,7.32,0,0,0,0,7.32,0,0
Pregnant and constantly crave KitKats . I literally have been living off of them for the past 4 months . @USER,1,1,19,67.62,70.59,93.14,,6.33,21.05,84.21,73.68,52.63,10.53,10.53,5.26,0,0,0,5.26,0,5.26,5.26,5.26,15.79,10.53,5.26,5.26,0,21.05,5.26,5.26,0,0,0,0,21.05,0,0,0,0,0,0,0,0,0,0,0,0,0,0,0,0,0,0,0,10.53,0,0,0,0,0,0,10.53,5.26,0,0,0,0,0,0,0,0,0,0,0,0,0,10.53,5.26,0,0,0,0,5.26,0,0,0,5.26,0,0,0,0,0,0,0,5.26,5.26,0,0,5.26,0,0,0,15.79,10.53,0,0,0,0,0,0,0,15.79,10.53,0,0,0,0,5.26,0
"Hey @USER , any chance we could see a civic in Rocket League ? : winking_face :",0,1,13,89.52,99,1,,6.5,7.69,76.92,61.54,38.46,7.69,7.69,0,7.69,0,0,0,0,15.38,7.69,0,7.69,7.69,0,0,0,15.38,7.69,0,15.38,15.38,0,0,23.08,0,23.08,0,0,7.69,15.38,0,0,0,0,0,0,0,0,0,0,0,0,0,23.08,7.69,0,0,0,0,7.69,15.38,0,0,0,0,7.69,7.69,0,0,0,0,0,0,0,0,0,0,0,0,0,0,0,0,0,0,0,0,0,0,0,0,0,0,15.38,15.38,0,0,7.69,7.69,0,0,0,0,0,0,7.69,7.69,0,0,0,46.15,0,7.69,7.69,0,0,30.77,0
Why you gotta take someone pure like Sean Lock from us huh ? Why could n't it be James Corden ?,0,1,19,12.74,99,1,,9.5,5.26,73.68,73.68,52.63,21.05,10.53,0,5.26,5.26,0,0,10.53,0,0,0,10.53,10.53,10.53,0,0,21.05,5.26,0,5.26,5.26,0,0,26.32,0,21.05,0,10.53,5.26,5.26,0,0,0,0,0,0,0,0,0,0,0,0,0,15.79,0,0,0,0,0,0,15.79,0,0,0,0,0,0,0,0,0,0,0,0,0,0,0,0,0,0,0,0,0,0,0,5.26,0,5.26,0,0,0,0,0,0,10.53,0,0,0,0,0,0,0,0,0,0,5.26,10.53,10.53,0,5.26,0,15.79,0,0,10.53,0,5.26,0,0
help ! i ' m being haunted by dead people ! ( my dissertations ),1,1,10,39.7,3.95,63.35,20.23,3.33,20,90,60,40,20,20,20,0,0,0,0,0,10,0,0,10,10,0,0,0,10,20,0,10,10,0,0,0,0,0,0,0,0,0,0,0,0,20,10,10,0,0,0,0,0,0,0,20,10,10,0,0,0,0,10,0,0,0,0,0,0,0,0,10,0,0,10,0,0,10,0,0,0,0,0,0,0,10,0,0,0,0,0,0,0,0,0,10,0,0,0,0,0,0,0,0,0,0,0,0,0,0,0,0,50,0,0,0,20,10,20,0
The fact I nearly froze on my way to work this morning is definitely a sign it ' s not summer anymore #freezing,1,1,22,32.02,1,99,,22,18.18,77.27,59.09,59.09,18.18,9.09,9.09,0,0,0,0,9.09,18.18,9.09,0,9.09,4.55,13.64,0,4.55,4.55,0,0,4.55,0,4.55,0,31.82,0,13.64,0,0,0,4.55,4.55,4.55,0,0,0,0,0,0,0,0,0,0,0,0,0,0,0,0,0,0,0,0,0,0,0,0,0,0,0,4.55,0,0,4.55,0,0,0,0,0,0,0,0,0,0,0,0,0,0,0,0,0,0,0,0,4.55,9.09,0,0,9.09,0,0,0,13.64,0,4.55,0,0,0,0,0,0,9.09,0,0,0,0,4.55,4.55,0
Why was everything in interior design so brown in the 2000s,0,1,11,45.12,,95.15,,11,18.18,90.91,72.73,63.64,9.09,0,0,0,0,0,0,9.09,9.09,9.09,9.09,18.18,9.09,18.18,9.09,0,9.09,9.09,0,0,0,0,0,27.27,9.09,9.09,0,9.09,0,0,0,0,0,0,0,0,0,0,0,0,0,0,0,0,0,0,0,0,0,0,0,0,0,0,0,0,0,0,0,0,0,0,0,0,0,0,0,0,0,0,0,0,0,0,0,0,0,0,0,0,0,0,0,0,36.36,0,0,27.27,9.09,0,0,0,9.09,0,0,0,0,0,0,0,0,0,0,0,0,0,0,0
HAPPY BIRTHDAY MEL ! ! !,0,1,3,,,99,99,3,33.33,66.67,33.33,0,0,0,0,0,0,0,0,0,0,0,0,0,0,0,0,0,0,33.33,0,0,0,0,0,33.33,0,0,0,0,0,0,0,0,0,66.67,66.67,0,33.33,33.33,0,0,0,0,0,0,0,0,0,0,0,0,0,0,0,0,0,0,0,0,0,0,0,0,0,0,0,0,0,0,0,0,0,0,0,0,0,0,0,0,0,0,0,0,0,0,0,0,0,0,0,0,0,33.33,0,0,0,0,0,0,0,0,100,0,0,0,100,0,0,0
"Man-spider . The story of a spider who ' s bitten by a human and now has the powers of a human . Working in an office , wasting money on artisan coffee , and giving up his bus seat to a woman who turns out not to be pregnant , but just "" likes sandwiches you a-h * le "" . #IntoTheSpiderVerse",1,1,53,96.59,92.68,10.87,49.04,13.25,13.21,79.25,62.26,52.83,7.55,7.55,0,0,1.89,1.89,0,0,15.09,13.21,0,16.98,3.77,3.77,5.66,1.89,9.43,3.77,0,3.77,0,1.89,1.89,7.55,0,3.77,0,0,0,0,0,3.77,0,1.89,1.89,0,0,0,0,0,0,0,0,16.98,1.89,0,0,0,0,1.89,15.09,1.89,0,1.89,1.89,0,0,0,0,5.66,0,0,3.77,1.89,0,5.66,1.89,0,0,0,0,1.89,3.77,0,0,0,0,0,0,0,0,0,0,5.66,7.55,0,1.89,5.66,0,0,0,1.89,0,5.66,0,0,0,0,0,0,24.53,5.66,5.66,0,0,1.89,11.32,0
I love drawing feets : ogre : : ogre : : ogre : Must draw more feet : ogre : : sparkles :,0,1,13,53.56,7.93,1,99,13,15.38,46.15,23.08,23.08,7.69,7.69,7.69,0,0,0,0,0,7.69,0,0,0,7.69,0,0,0,7.69,7.69,7.69,0,0,0,0,7.69,0,7.69,0,0,7.69,0,0,0,0,7.69,7.69,0,7.69,7.69,0,0,0,0,0,7.69,7.69,0,0,0,0,0,0,0,0,0,0,0,0,0,0,0,0,0,0,0,0,7.69,0,0,0,0,0,0,0,0,7.69,0,0,0,0,0,0,0,0,7.69,7.69,0,0,0,7.69,0,0,0,0,0,0,0,0,0,0,0,76.92,0,0,0,0,0,76.92,0
See Brexit is going well,1,1,5,3.8,,63.35,99,5,0,100,80,40,0,0,0,0,0,0,0,0,0,0,0,0,20,20,0,0,60,0,0,0,0,0,0,20,0,0,0,0,0,0,0,0,0,20,20,0,0,0,0,0,0,0,0,0,0,0,0,0,0,0,0,0,0,0,0,20,20,0,0,0,0,0,0,0,0,0,0,0,0,0,0,0,0,0,0,0,0,0,0,0,0,0,0,20,40,0,20,0,20,0,0,0,0,20,20,0,0,0,0,0,0,0,0,0,0,0,0,0
no more instagram . we must all return to scrapbooks .,1,1,9,33.38,92.24,10.18,,4.5,22.22,88.89,66.67,66.67,11.11,11.11,0,11.11,0,0,0,0,33.33,0,0,11.11,11.11,0,0,11.11,11.11,11.11,22.22,11.11,11.11,0,0,33.33,22.22,11.11,0,0,11.11,0,0,0,0,0,0,0,0,0,0,0,0,0,0,11.11,0,0,0,0,0,0,11.11,0,0,0,0,0,0,0,0,11.11,11.11,0,0,0,0,0,0,0,0,0,0,0,0,0,11.11,0,0,0,0,0,0,0,0,11.11,11.11,0,11.11,11.11,0,0,0,0,0,0,0,0,0,0,0,0,22.22,22.22,0,0,0,0,0,0
Just getting some WD40 on my letter box to help the poor postman with his delivery today #valentinesday2021 #WD40,1,1,19,95.09,70.59,1,92.27,19,21.05,84.21,52.63,42.11,10.53,10.53,5.26,0,0,5.26,0,0,21.05,5.26,15.79,15.79,0,5.26,0,0,5.26,5.26,5.26,15.79,10.53,0,5.26,5.26,0,0,0,0,0,0,0,0,0,15.79,10.53,5.26,0,0,0,0,0,0,0,15.79,5.26,5.26,0,0,0,0,10.53,0,5.26,0,5.26,0,0,0,0,0,0,0,0,0,0,0,0,0,0,0,0,0,0,0,0,0,10.53,0,0,0,0,0,0,5.26,0,0,0,0,0,0,0,5.26,0,5.26,0,0,0,0,0,0,10.53,0,0,0,0,0,10.53,0
Corsodyl failing to consider i like being a person who spits blood when they brush their teeth,1,1,17,29.85,99,46.57,,17,17.65,88.24,64.71,52.94,23.53,23.53,5.88,0,0,0,11.76,0,11.76,5.88,0,11.76,5.88,5.88,5.88,0,17.65,0,0,5.88,0,5.88,0,17.65,0,5.88,5.88,0,0,0,0,0,0,0,0,0,0,0,0,0,0,0,0,23.53,0,0,0,0,0,0,23.53,0,0,0,0,0,0,0,0,0,0,0,0,0,0,17.65,0,0,0,0,0,0,0,0,0,0,0,0,0,0,0,0,0,5.88,0,0,0,0,0,0,0,5.88,0,5.88,0,0,0,0,0,0,0,0,0,0,0,0,0,0
"Spiritfarer is so good , I bought it several months ago but finally started it tonight #gamer",0,1,16,1,1.71,99,96.74,16,31.25,93.75,75,56.25,18.75,6.25,6.25,0,0,0,0,12.5,6.25,0,0,0,6.25,18.75,12.5,0,18.75,0,12.5,0,0,0,0,50,0,6.25,0,0,0,0,0,6.25,0,6.25,6.25,0,6.25,6.25,0,0,0,0,0,0,0,0,0,0,0,0,0,0,0,0,0,0,0,0,0,12.5,6.25,0,0,6.25,0,0,0,0,0,0,0,0,0,0,0,0,6.25,0,0,0,0,0,0,6.25,0,0,0,0,0,0,0,31.25,18.75,6.25,0,0,0,0,0,0,12.5,0,6.25,0,0,0,6.25,0
"No offense , but I actually really enjoy seeing what music everyone is jamming to via social media . Keep doing that cause music is cool",0,1,24,5.64,6.61,3.81,99,12,16.67,91.67,66.67,54.17,16.67,4.17,4.17,0,0,0,0,12.5,8.33,0,0,8.33,12.5,8.33,4.17,4.17,20.83,4.17,0,0,0,0,0,33.33,8.33,16.67,0,4.17,0,0,8.33,4.17,0,12.5,12.5,0,4.17,4.17,0,0,0,0,0,12.5,8.33,0,0,0,0,8.33,4.17,0,0,0,0,8.33,0,0,8.33,8.33,8.33,0,0,0,0,0,0,0,0,0,0,0,0,0,0,0,0,0,0,0,0,0,0,12.5,16.67,0,0,0,4.17,8.33,4.17,0,0,8.33,0,0,0,0,0,0,8.33,4.17,4.17,0,0,0,0,0
Democrats do realize that if In fact trump loses he will run again in 2024 and they will have him for 12 years instead of 8 #MAGA2020,0,1,27,16.08,62.05,77.17,1,27,14.81,92.59,70.37,59.26,14.81,11.11,0,0,0,7.41,3.7,3.7,3.7,0,14.81,14.81,14.81,7.41,7.41,0,22.22,0,3.7,3.7,0,3.7,0,29.63,0,11.11,3.7,0,0,3.7,0,7.41,0,3.7,0,3.7,0,0,0,0,0,0,0,11.11,0,0,0,0,0,0,11.11,0,0,0,7.41,3.7,3.7,0,0,0,0,0,0,0,0,0,0,0,0,0,0,0,0,0,0,0,0,0,0,0,0,3.7,0,7.41,11.11,0,3.7,7.41,0,0,0,7.41,0,7.41,7.41,0,0,0,0,0,3.7,0,0,0,0,0,3.7,0
Sunset over the Appalachian mountains . HTTPURL,0,1,6,99,,99,,3,50,66.67,33.33,33.33,0,0,0,0,0,0,0,0,16.67,16.67,0,16.67,0,0,0,0,0,0,0,0,0,0,0,16.67,0,0,0,0,0,0,0,0,0,0,0,0,0,0,0,0,0,0,0,0,0,0,0,0,0,0,0,0,0,0,0,16.67,0,0,16.67,0,0,0,0,0,0,0,0,0,0,0,0,0,0,0,0,0,0,0,0,0,0,0,0,0,16.67,0,0,16.67,0,0,0,16.67,0,0,0,0,0,0,0,0,16.67,16.67,0,0,0,0,0,0
wearing a cute jumpsuit is all fun and games until you have to go to the bathroom,1,1,17,89.52,93.56,46.57,99,17,17.65,88.24,76.47,52.94,5.88,5.88,0,0,5.88,0,0,0,17.65,11.76,0,17.65,11.76,0,11.76,0,23.53,11.76,5.88,0,0,0,0,17.65,5.88,0,0,0,0,0,0,0,0,11.76,11.76,0,5.88,5.88,0,0,0,0,0,5.88,0,0,0,0,0,0,5.88,0,0,0,0,0,0,0,0,11.76,11.76,0,0,0,0,0,0,0,0,0,0,0,0,0,11.76,0,0,0,0,0,0,0,0,11.76,5.88,0,5.88,5.88,0,0,0,5.88,0,5.88,11.76,0,0,0,0,0,0,0,0,0,0,0,0,0
July 1st . Half way point of the year . Well I think we can all agree that 2020 has gone swimmingly so far . Ca n't wait for part 2 . #murderhornets,1,1,29,47.93,40.06,99,20.23,5.8,6.9,89.66,68.97,41.38,10.34,6.9,3.45,3.45,0,0,0,3.45,13.79,3.45,10.34,6.9,6.9,6.9,3.45,0,17.24,10.34,17.24,3.45,3.45,0,0,24.14,3.45,10.34,3.45,0,3.45,0,0,3.45,0,6.9,3.45,3.45,0,0,0,0,0,0,0,10.34,6.9,0,0,3.45,0,0,3.45,0,0,0,0,0,0,0,0,0,0,0,0,0,0,3.45,0,0,0,0,0,0,0,3.45,0,0,0,0,0,0,0,0,0,3.45,13.79,0,6.9,6.9,0,0,0,10.34,3.45,6.9,0,3.45,0,3.45,0,0,20.69,13.79,0,0,0,3.45,3.45,0
Angela Merkel : doctorate in Quantum Chemistry Leo Varadkar : worked for years as a GP Boris Johnson : once accidentally called ping-pong “ wiff-waff ”,0,1,21,97.56,,24.32,,21,38.1,42.86,38.1,23.81,0,0,0,0,0,0,0,0,9.52,4.76,4.76,14.29,0,4.76,4.76,0,9.52,0,9.52,4.76,0,4.76,0,19.05,0,0,0,0,0,0,0,0,0,0,0,0,0,0,0,0,0,0,0,4.76,4.76,0,0,0,0,4.76,0,0,0,0,0,0,0,0,0,9.52,0,0,9.52,0,0,0,0,0,0,0,0,0,0,0,0,0,0,0,0,0,0,0,0,4.76,4.76,0,0,4.76,0,0,0,9.52,9.52,0,0,0,0,0,0,0,33.33,0,0,0,0,0,33.33,0
I only watch youtubers that apologize when they mention their video sponsor,0,1,12,1,84.23,39.59,,12,33.33,75,58.33,50,33.33,25,8.33,0,0,0,16.67,8.33,16.67,0,0,0,0,16.67,8.33,0,8.33,8.33,0,8.33,0,0,8.33,8.33,0,0,0,0,0,0,0,0,0,0,0,0,0,0,0,0,0,0,0,33.33,16.67,8.33,8.33,0,0,8.33,16.67,0,0,0,0,0,0,0,0,0,0,0,0,0,0,0,0,0,0,0,0,0,0,0,0,0,0,0,0,0,0,0,0,0,8.33,8.33,0,0,8.33,0,0,8.33,0,0,0,0,0,0,0,0,0,0,0,0,0,0,0,0
I wanna hurry up and get my 2nd dose of the vaccine : confounded_face : : confounded_face : 2 more weeks : crying_face :,0,1,18,95.3,2.75,77.17,,18,22.22,83.33,66.67,50,11.11,11.11,11.11,0,0,0,0,0,22.22,5.56,11.11,16.67,0,0,5.56,0,5.56,11.11,22.22,0,0,0,0,16.67,0,5.56,0,0,5.56,0,0,0,0,0,0,0,0,0,0,0,0,0,0,0,0,0,0,0,0,0,0,0,0,0,0,0,0,0,0,0,0,0,0,0,0,11.11,11.11,5.56,0,0,0,0,0,0,0,5.56,5.56,0,0,0,0,0,0,5.56,5.56,0,0,5.56,0,0,0,11.11,0,0,5.56,5.56,5.56,0,0,0,50,0,0,0,0,0,50,0
I have more fun with my parents and boyfriend than anyone else . Is this old age ?,0,1,16,1.97,11.66,99,96.74,8,12.5,100,81.25,68.75,25,12.5,12.5,0,0,0,0,12.5,18.75,0,0,12.5,12.5,6.25,12.5,0,12.5,25,6.25,12.5,12.5,0,0,37.5,0,18.75,0,0,0,6.25,0,12.5,0,6.25,6.25,0,6.25,6.25,0,0,0,0,0,18.75,0,0,0,0,0,0,18.75,6.25,6.25,0,6.25,0,0,0,0,6.25,6.25,0,0,0,0,0,0,0,0,0,0,0,0,0,0,0,0,0,0,0,0,0,0,12.5,0,0,0,0,0,0,0,12.5,0,6.25,0,0,0,0,0,0,12.5,6.25,0,6.25,0,0,0,0
i ' m ALREADY stressed about whose pov to watch for mcc hahah,0,1,12,73.36,40.06,39.59,20.23,12,16.67,83.33,75,50,16.67,16.67,8.33,0,0,0,0,0,0,0,0,25,0,16.67,0,0,8.33,0,0,0,0,0,0,16.67,0,8.33,0,0,0,0,0,0,0,16.67,8.33,8.33,16.67,8.33,8.33,8.33,0,0,0,8.33,0,0,0,0,0,0,8.33,0,0,0,0,0,0,0,0,0,0,0,0,0,0,0,0,0,0,0,0,0,0,0,0,0,0,0,0,0,0,0,0,0,8.33,8.33,0,0,8.33,0,0,8.33,8.33,0,0,16.67,16.67,0,0,0,8.33,0,0,0,0,8.33,0,0
hi,0,1,1,,,,99,1,0,100,0,0,0,0,0,0,0,0,0,0,0,0,0,0,0,0,0,0,0,0,0,0,0,0,0,0,0,0,0,0,0,0,0,0,0,100,100,0,0,0,0,0,0,0,0,100,100,0,100,0,0,100,0,0,0,0,0,0,0,0,0,0,0,0,0,0,0,0,0,0,0,0,0,0,0,0,0,0,0,0,0,0,0,0,0,0,0,0,0,0,0,0,0,0,0,0,0,0,0,0,0,0,0,0,0,0,0,0,0,0
Today has made 4 years since ‘ The End ' and I ' m honestly about to cry . HTTPURL,0,1,16,78.28,11.66,99,1,8,12.5,93.75,56.25,37.5,6.25,6.25,6.25,0,0,0,0,0,6.25,6.25,6.25,12.5,6.25,0,12.5,0,18.75,0,6.25,0,0,0,0,43.75,0,18.75,0,12.5,0,0,6.25,0,0,6.25,0,6.25,6.25,0,6.25,0,0,6.25,0,6.25,6.25,0,0,0,0,6.25,0,0,0,0,0,6.25,0,0,6.25,0,0,0,0,0,0,0,0,0,0,0,0,0,0,0,0,0,0,0,0,0,0,0,0,12.5,0,0,0,0,0,0,0,25,6.25,12.5,12.5,0,0,0,0,0,25,6.25,0,0,0,12.5,6.25,0
"If they are going after the misspelling “ definately ” as proof of H , then I ' m afraid half of Facebook are suspects . #LineOfDuty #LineofDutyFinale",0,1,23,60.52,18.24,92.58,1,11.5,26.09,65.22,60.87,47.83,8.7,8.7,4.35,0,0,0,4.35,0,4.35,4.35,0,17.39,8.7,0,17.39,0,13.04,8.7,4.35,0,0,0,0,17.39,0,8.7,4.35,0,0,4.35,0,4.35,0,4.35,0,4.35,4.35,0,4.35,4.35,0,0,0,4.35,0,0,0,0,0,0,4.35,0,0,0,0,0,0,0,0,0,0,0,0,0,0,0,0,0,0,0,0,0,0,0,0,0,0,0,0,0,0,0,0,0,4.35,0,4.35,0,0,0,0,8.7,0,8.7,4.35,0,0,0,0,0,30.43,4.35,4.35,0,0,4.35,17.39,0
You know the wolves match is boring when you ' re talking with your mate about the best way to wire up his new shed !,1,1,24,73.36,99,39.59,20.23,24,4.17,79.17,70.83,50,16.67,16.67,0,0,12.5,4.17,0,0,16.67,8.33,0,16.67,4.17,8.33,4.17,0,12.5,12.5,0,8.33,4.17,4.17,0,16.67,0,4.17,4.17,0,0,0,0,0,0,8.33,4.17,4.17,4.17,0,4.17,0,0,0,0,25,4.17,0,0,0,0,4.17,20.83,0,4.17,0,4.17,0,0,0,0,0,0,0,0,0,0,0,0,0,0,0,0,0,0,0,0,0,0,0,0,4.17,0,0,0,8.33,8.33,0,0,8.33,0,0,0,8.33,0,4.17,0,0,0,0,0,0,8.33,0,0,0,4.17,4.17,0,0
I watched the first two episodes of American Horror Stories and holy shit it was so bad,0,1,17,29.85,2.18,1.39,1,17,23.53,94.12,70.59,52.94,11.76,5.88,5.88,0,0,0,0,5.88,17.65,5.88,11.76,5.88,5.88,5.88,11.76,0,11.76,17.65,11.76,0,0,0,0,5.88,0,0,0,0,0,0,0,0,0,23.53,5.88,11.76,11.76,0,11.76,5.88,0,0,5.88,5.88,5.88,0,0,0,0,5.88,0,0,0,0,0,5.88,0,5.88,0,5.88,0,0,0,0,5.88,0,0,0,0,0,0,0,0,0,0,0,0,0,0,0,0,0,0,0,5.88,5.88,0,0,5.88,0,0,0,11.76,0,0,0,0,0,0,0,0,0,0,0,0,0,0,0
They really said you can't have nice weather AND no lockdown for your bday this year huh,1,1,17,1,93.56,12.44,99,17,11.76,88.24,88.24,58.82,23.53,17.65,0,0,11.76,0,5.88,5.88,17.65,0,0,5.88,11.76,5.88,5.88,11.76,17.65,5.88,5.88,0,0,0,0,29.41,5.88,11.76,0,0,5.88,0,5.88,5.88,0,11.76,11.76,0,0,0,0,0,0,0,0,23.53,5.88,0,0,0,0,5.88,17.65,0,0,0,0,0,0,0,0,0,0,0,0,0,0,0,0,0,0,0,0,0,0,0,0,0,0,0,0,0,0,0,0,17.65,0,0,0,0,0,0,0,11.76,5.88,5.88,0,11.76,11.76,0,5.88,0,5.88,0,0,0,0,5.88,0,0
"Conservatives really are the scum of the earth , no one can convince me otherwise",0,1,14,18.12,1,24.32,1,14,21.43,92.86,64.29,64.29,14.29,7.14,7.14,0,0,0,0,7.14,14.29,14.29,0,7.14,14.29,7.14,7.14,7.14,14.29,0,0,7.14,0,0,7.14,50,14.29,28.57,7.14,0,7.14,0,7.14,7.14,0,7.14,0,7.14,0,0,0,0,0,0,0,21.43,14.29,0,0,0,7.14,0,7.14,0,0,0,0,7.14,7.14,0,0,0,0,0,0,0,0,0,0,0,0,0,0,0,0,0,0,0,0,0,0,0,0,0,0,0,0,0,0,0,0,0,0,0,0,14.29,0,0,0,0,0,0,7.14,0,7.14,0,0,0,0,0
Life is about eating chicken finger and getting drunk,1,1,9,33.38,,,,9,22.22,100,55.56,33.33,0,0,0,0,0,0,0,0,0,0,0,11.11,11.11,11.11,11.11,0,33.33,0,0,0,0,0,0,11.11,0,0,0,0,0,0,0,0,0,0,0,0,0,0,0,0,0,0,0,11.11,0,0,0,0,0,0,0,0,0,0,0,0,0,0,0,0,0,0,0,0,0,44.44,0,0,0,0,11.11,0,22.22,0,0,0,11.11,0,0,0,0,0,0,11.11,0,0,0,0,0,0,0,0,0,11.11,0,0,0,0,0,0,0,0,0,0,0,0,0,0
I wish I could watch Disney channel original movies on the old box TVs to get the full effect again,0,1,20,89.52,3.95,63.35,,20,10,80,65,40,10,10,10,0,0,0,0,0,10,10,0,10,5,5,0,0,20,10,5,0,0,0,0,25,0,15,5,5,10,0,0,0,0,0,0,0,0,0,0,0,0,0,0,0,0,0,0,0,0,0,0,0,0,0,0,5,0,0,5,10,10,0,0,0,0,0,0,0,0,0,0,0,0,0,0,5,5,0,5,0,0,0,0,5,10,5,0,5,5,0,0,10,0,0,5,0,0,0,0,0,0,0,0,0,0,0,0,0
my computer does this fun thing now where it shakes in a way that exactly replicates what happens to my vision when i forget my meds so that ' s exciting !,1,1,30,1.16,1.24,98.38,97.84,30,16.67,86.67,73.33,60,33.33,13.33,13.33,0,0,0,0,20,23.33,3.33,0,6.67,3.33,13.33,6.67,0,10,6.67,0,0,0,0,0,20,0,6.67,0,0,0,0,3.33,0,3.33,6.67,6.67,0,6.67,6.67,0,0,0,0,0,0,0,0,0,0,0,0,0,0,0,0,0,3.33,0,0,3.33,6.67,3.33,0,3.33,0,0,0,0,0,0,0,0,0,0,0,0,0,0,0,0,0,0,0,0,6.67,13.33,0,0,10,3.33,0,0,6.67,0,13.33,0,0,0,0,0,0,6.67,0,0,0,3.33,3.33,0,0
"i love how i literally just finished watching the fifth hp film and then turned to my mum and said "" love a good bit of character death on a sunday :) "" the dsmp lore has utterly ruined my attachment to characters and how i see stories now . i am a broken woman .",1,1,52,53.56,7.93,89.39,94.96,26,15.38,86.54,65.38,51.92,11.54,11.54,11.54,0,0,0,0,0,15.38,9.62,1.92,7.69,3.85,9.62,7.69,0,9.62,3.85,3.85,3.85,1.92,1.92,0,17.31,0,5.77,3.85,3.85,0,0,1.92,0,0,9.62,7.69,1.92,7.69,7.69,0,0,0,0,0,11.54,7.69,0,0,0,0,3.85,3.85,1.92,0,3.85,0,1.92,0,0,1.92,1.92,1.92,0,0,0,0,1.92,0,0,0,0,0,0,0,1.92,0,0,0,0,0,0,0,0,0,9.62,5.77,1.92,1.92,0,3.85,0,0,7.69,3.85,5.77,0,1.92,1.92,0,0,0,11.54,3.85,0,0,0,0,7.69,0
"One or my friends has a crush on me , and I feel sad that I do n't feel the same way . Because I know EXACTLY how that feels . I hate this feeling . :d isappointed_face :",0,1,34,7.78,1,99,1,8.5,14.71,88.24,76.47,55.88,26.47,17.65,17.65,0,0,0,0,8.82,20.59,5.88,2.94,2.94,5.88,2.94,8.82,0,20.59,5.88,2.94,2.94,2.94,0,0,32.35,0,29.41,17.65,5.88,0,2.94,2.94,5.88,0,5.88,0,5.88,5.88,0,5.88,0,2.94,2.94,0,2.94,0,0,0,0,0,0,2.94,0,2.94,0,0,0,0,0,0,0,0,0,0,0,0,0,0,0,0,0,0,0,0,0,0,0,0,0,0,0,0,0,0,11.76,14.71,0,0,2.94,0,0,11.76,0,0,11.76,0,0,0,0,0,0,23.53,8.82,2.94,0,0,2.94,8.82,0
Remember the hundred emails from companies when Covid started getting real ? I ' ve gotten three in regards to support for protests . And only @USER shared helpful links and actually said black lives matter ... we love capitalism : smiling_face_with_hearts : :raising_hands: :medium-light_skin_tone:,1,1,39,74.95,55.35,30.98,99,9.75,35.9,84.62,64.1,35.9,5.13,5.13,2.56,2.56,0,0,0,0,7.69,2.56,5.13,10.26,0,7.69,7.69,0,23.08,7.69,5.13,5.13,5.13,0,0,25.64,0,10.26,2.56,0,0,0,5.13,0,2.56,7.69,7.69,0,2.56,2.56,0,0,0,0,0,23.08,20.51,5.13,2.56,2.56,0,7.69,2.56,0,0,0,0,5.13,2.56,0,2.56,5.13,0,0,2.56,2.56,0,5.13,2.56,2.56,0,0,0,0,0,0,0,0,5.13,0,0,0,0,0,0,5.13,7.69,0,0,5.13,2.56,0,0,5.13,15.38,2.56,0,0,0,0,0,0,51.28,10.26,0,2.56,0,2.56,35.9,0
ok wow ... unfollowing now . thought he was the cool new kid from hollywood but apparently he ' s a virgin who lit the black flame candle,0,1,25,63.53,94.01,3.34,99,8.33,16,84,72,44,12,12,0,0,0,8,0,0,12,12,0,4,4,8,4,0,12,12,0,0,0,0,0,24,0,12,4,0,0,4,0,4,0,12,8,0,4,0,0,0,0,0,0,20,4,0,0,0,0,0,16,0,0,0,8,0,0,0,0,0,0,0,0,0,0,4,0,0,0,0,0,4,0,0,0,0,0,0,0,0,0,0,0,12,16,0,0,0,12,0,4,8,8,4,0,12,4,4,0,4,20,16,0,0,0,4,0,0
People who drive under the speed limit . Death Penalty .,0,1,9,98.16,99,99,,4.5,11.11,88.89,44.44,33.33,11.11,11.11,0,0,0,0,0,0,11.11,11.11,0,11.11,0,0,0,0,0,0,11.11,0,0,0,0,11.11,0,0,0,0,0,0,0,0,0,0,0,0,0,0,0,0,0,0,0,22.22,0,0,0,0,0,0,22.22,0,0,0,0,0,0,0,0,0,0,0,0,0,0,11.11,0,0,0,0,0,0,0,11.11,0,0,0,0,0,0,0,0,0,22.22,22.22,0,11.11,11.11,0,0,0,11.11,0,0,0,0,0,0,0,0,22.22,22.22,0,0,0,0,0,0
need a new pfp pls send suggestions,0,1,7,99,,1,99,7,14.29,85.71,57.14,14.29,0,0,0,0,0,0,0,0,14.29,14.29,0,0,0,0,0,0,28.57,14.29,0,0,0,0,0,28.57,0,14.29,0,0,14.29,0,0,0,0,28.57,28.57,0,0,0,0,0,0,0,0,28.57,28.57,14.29,0,0,0,14.29,0,0,0,0,0,0,0,0,0,0,0,0,0,0,0,0,0,0,0,0,0,0,0,0,14.29,0,0,0,0,0,0,0,0,14.29,0,0,0,0,0,0,0,14.29,0,0,0,14.29,14.29,0,0,0,0,0,0,0,0,0,0,0
was not aware that Crocs were appropriate business casual attire .,1,1,10,3.8,1,63.35,,10,20,80,60,40,10,0,0,0,0,0,0,10,10,0,0,0,20,0,0,10,20,20,0,0,0,0,0,40,0,20,10,0,0,0,0,10,0,0,0,0,0,0,0,0,0,0,0,0,0,0,0,0,0,0,0,0,0,0,0,0,0,0,0,20,10,0,10,10,0,0,0,0,0,0,0,0,0,0,0,0,0,0,0,0,0,0,0,0,10,10,0,0,0,0,0,0,20,0,0,0,0,0,0,0,10,10,0,0,0,0,0,0
my car is acting up AGAIN for like the 3rd year in a row and I ' m just going to drive it into the river at the point,1,1,28,99,9.23,97.09,,28,0,82.14,71.43,67.86,10.71,7.14,7.14,0,0,0,0,3.57,21.43,14.29,3.57,25,3.57,7.14,3.57,0,7.14,3.57,7.14,0,0,0,0,10.71,0,0,0,0,0,0,0,0,0,0,0,0,0,0,0,0,0,0,0,0,0,0,0,0,0,0,0,0,0,0,0,3.57,0,0,3.57,0,0,0,0,0,0,0,0,0,0,0,0,0,0,0,0,0,0,0,0,0,0,0,0,10.71,14.29,0,3.57,10.71,0,0,0,7.14,0,3.57,7.14,0,0,0,0,0,3.57,0,0,0,0,3.57,0,0
there ' s no better way to wake up than having one dog jump directly on your stomach and knock the wind out of you while the other drop a dead rodent on the end of the bed . : expressionless_face :,1,1,38,98.73,55.75,97.49,20.23,19,7.89,84.21,68.42,57.89,5.26,5.26,0,0,5.26,0,0,0,23.68,13.16,2.63,21.05,2.63,2.63,7.89,2.63,7.89,7.89,2.63,2.63,0,2.63,0,13.16,2.63,5.26,0,0,0,0,0,5.26,0,5.26,2.63,2.63,0,0,0,0,0,0,0,5.26,0,0,0,0,0,0,5.26,0,0,0,0,0,0,0,0,2.63,0,2.63,0,0,0,7.89,0,0,0,0,0,0,0,2.63,0,0,0,0,0,0,0,0,0,7.89,18.42,0,7.89,10.53,0,0,0,5.26,0,0,0,0,0,0,0,0,13.16,2.63,0,0,0,2.63,7.89,0
"@USER Sounds like a strong contender for GOTY",1,1,8,99,,,99,8,12.5,75,50,37.5,0,0,0,0,0,0,0,0,12.5,12.5,0,25,0,0,0,0,0,12.5,0,25,0,12.5,25,0,0,0,0,0,0,0,0,0,0,12.5,12.5,0,0,0,0,0,0,0,0,0,0,0,0,0,0,0,0,0,0,0,0,0,0,0,0,0,0,0,0,0,0,0,0,0,0,0,0,0,0,0,0,0,0,0,0,0,0,0,0,12.5,12.5,0,0,0,0,12.5,0,0,0,0,0,0,0,0,0,0,12.5,0,0,0,0,0,12.5,0
"#didyouknow Mosquitoes are attracted to the colour blue twice as much as to any other colour .",0,1,16,95.8,11.66,1.63,,16,18.75,87.5,75,62.5,0,0,0,0,0,0,0,0,31.25,6.25,6.25,25,6.25,6.25,12.5,0,12.5,18.75,12.5,0,0,0,0,18.75,0,12.5,0,0,0,6.25,0,6.25,0,0,0,0,0,0,0,0,0,0,0,0,0,0,0,0,0,0,0,0,0,0,0,0,0,0,0,0,0,0,0,0,0,0,0,0,0,0,0,0,0,0,0,0,0,0,0,0,0,0,0,0,25,6.25,0,0,18.75,0,0,0,6.25,6.25,0,0,0,0,0,0,12.5,6.25,0,0,0,0,6.25,0
I live for the great British weather !,1,1,7,99,1,97.09,99,7,28.57,85.71,85.71,42.86,14.29,14.29,14.29,0,0,0,0,0,14.29,14.29,0,14.29,0,0,0,0,14.29,28.57,0,0,0,0,0,0,0,0,0,0,0,0,0,0,0,14.29,14.29,0,0,0,0,0,0,0,0,0,0,0,0,0,0,0,0,0,0,0,0,14.29,0,14.29,0,0,0,0,0,0,0,14.29,0,0,0,0,0,0,0,0,0,0,0,0,0,0,0,0,0,28.57,14.29,0,0,14.29,0,0,0,0,0,0,0,0,0,0,0,0,14.29,0,0,0,14.29,0,0,0
"Ah yes , it really is wood-burning stoves in sub-Saharan Africa thats driving the climate crisis : brain : HTTPURL",1,1,17,46.7,,12.44,1,17,29.41,76.47,47.06,35.29,11.76,0,0,0,0,0,0,11.76,11.76,5.88,0,5.88,11.76,5.88,0,0,11.76,0,0,0,0,0,0,23.53,5.88,5.88,0,0,0,0,5.88,0,0,5.88,0,5.88,0,0,0,0,0,0,0,0,0,0,0,0,0,0,0,0,0,0,0,5.88,0,0,5.88,5.88,0,5.88,0,0,0,5.88,0,0,0,0,0,0,0,0,5.88,0,0,0,0,0,0,5.88,0,5.88,11.76,0,5.88,5.88,0,0,0,0,0,11.76,0,11.76,0,5.88,5.88,0,29.41,0,5.88,0,0,0,23.53,0
How are there women in this world who think we should be kind to pedophiles and rapists ? Howwwwwwww ? They ' re not sorry !,0,1,22,3.27,99,79.84,1,7.33,13.64,86.36,68.18,59.09,18.18,13.64,0,4.55,0,0,4.55,4.55,4.55,0,0,9.09,13.64,9.09,4.55,4.55,18.18,4.55,0,4.55,4.55,0,0,22.73,0,18.18,9.09,4.55,4.55,0,0,4.55,0,9.09,0,9.09,0,0,0,0,0,0,0,31.82,13.64,4.55,0,0,9.09,0,22.73,0,0,4.55,0,0,0,0,0,0,0,0,0,0,0,9.09,0,0,0,0,0,9.09,0,0,0,0,0,0,0,0,0,0,0,0,13.64,0,0,13.64,0,0,0,0,0,4.55,0,0,0,0,0,0,18.18,0,0,9.09,4.55,4.55,0,0
"Celebrating the Year of the Ox in Pingtung County , South Taiwan . Just off for a scooter ride . ( If this is my first and last twit - doh ! )",0,1,26,93.9,7.93,98.89,79.29,8.67,11.54,76.92,57.69,53.85,7.69,3.85,3.85,0,0,0,0,3.85,23.08,11.54,3.85,15.38,3.85,3.85,7.69,0,3.85,3.85,7.69,3.85,3.85,3.85,0,15.38,0,3.85,0,0,0,3.85,0,3.85,0,3.85,3.85,0,3.85,3.85,0,0,0,0,0,3.85,3.85,0,0,0,0,0,0,0,0,0,0,0,0,0,0,3.85,3.85,0,0,0,0,0,0,0,0,0,0,0,0,0,0,0,0,0,0,0,0,0,0,3.85,15.38,0,7.69,7.69,0,0,0,7.69,0,3.85,0,0,0,0,0,0,26.92,7.69,3.85,0,3.85,0,11.54,0
"as a poly dude , this "" boyfriends "" comic is really fucking adorable i dont trust no bitches who say its "" fetishy "" or "" not good representation "" i love them id die 4 them",0,1,31,1,1,17.19,70.91,31,19.35,96.77,64.52,51.61,25.81,19.35,9.68,0,0,0,6.45,6.45,12.9,3.23,3.23,3.23,9.68,3.23,6.45,9.68,16.13,3.23,0,6.45,6.45,0,0,25.81,3.23,16.13,0,0,3.23,3.23,3.23,6.45,0,22.58,9.68,6.45,9.68,9.68,0,0,0,0,6.45,25.81,9.68,0,0,0,0,3.23,16.13,0,6.45,0,6.45,0,0,0,0,3.23,3.23,0,0,0,0,6.45,0,0,0,0,0,3.23,0,3.23,0,0,0,0,0,0,0,0,0,6.45,0,0,0,0,0,0,0,0,0,6.45,0,3.23,3.23,0,0,0,22.58,0,3.23,0,0,0,19.35,0
Another gorgeous day in sunny Accrington !,1,1,6,89.52,1,99,99,6,50,83.33,83.33,33.33,16.67,0,0,0,0,0,0,16.67,16.67,0,0,16.67,0,0,0,0,0,33.33,33.33,0,0,0,0,33.33,0,16.67,0,0,0,0,0,16.67,0,16.67,16.67,0,0,0,0,0,0,0,0,0,0,0,0,0,0,0,0,0,0,0,0,0,0,0,0,0,0,0,0,0,0,0,0,0,0,0,0,0,0,0,0,0,0,0,0,0,0,0,0,16.67,16.67,0,0,16.67,0,0,0,16.67,0,0,0,0,0,0,0,0,16.67,0,0,0,16.67,0,0,0
why is the weather having a mid life crisis,1,1,9,66.04,,10.18,1,9,11.11,88.89,66.67,55.56,0,0,0,0,0,0,0,0,22.22,22.22,0,0,22.22,11.11,0,0,22.22,11.11,0,0,0,0,0,22.22,0,11.11,0,11.11,0,0,0,0,0,11.11,0,11.11,0,0,0,0,0,0,0,11.11,0,0,0,0,0,0,0,0,0,0,0,0,0,0,0,0,0,0,0,0,0,0,0,0,0,0,0,0,0,0,11.11,0,0,0,0,0,0,11.11,0,11.11,11.11,0,0,11.11,0,0,0,0,0,11.11,0,0,0,0,0,0,0,0,0,0,0,0,0,0
"Not got one lynx Africa for Christmas Day this year , shocked and outraged . #RuinedChristmas",1,1,14,56.86,1,97.09,1,7,28.57,78.57,64.29,35.71,7.14,0,0,0,0,0,0,7.14,14.29,0,7.14,7.14,0,0,7.14,7.14,7.14,7.14,21.43,0,0,0,0,28.57,0,7.14,0,0,0,0,0,7.14,0,14.29,0,7.14,14.29,0,7.14,0,7.14,0,0,0,0,0,0,0,0,0,0,0,0,0,0,0,0,0,0,7.14,0,0,0,0,7.14,0,0,0,0,0,0,0,0,0,0,0,7.14,0,0,0,0,0,0,14.29,0,0,0,0,0,0,0,21.43,0,0,0,0,0,0,0,0,21.43,7.14,7.14,0,0,0,7.14,0
"@USER I choose to interpret it as "" XD "" : the universal emoticon for laughing at those poor , poor folks in Ubisoft ' s marketing department who have to deal with that branding until the servers quietly shut down 8 months after launch .",1,1,40,94.88,54.96,89.39,2.86,40,25,85,57.5,45,12.5,5,2.5,0,0,0,0,7.5,10,5,2.5,25,2.5,2.5,7.5,0,2.5,7.5,2.5,5,0,0,5,10,0,5,5,0,0,0,0,0,0,7.5,2.5,5,2.5,2.5,0,0,0,0,0,12.5,7.5,0,0,0,0,5,5,2.5,0,0,0,0,0,0,0,7.5,0,0,7.5,2.5,0,0,0,0,0,0,0,0,0,0,5,0,0,0,0,0,0,0,0,2.5,12.5,0,2.5,7.5,0,2.5,0,7.5,0,0,5,2.5,2.5,0,0,0,17.5,2.5,2.5,0,0,2.5,10,0
We did n't deserve to draw anyway but it ' s just so frustrating to lose due to shit officiating,0,1,19,22.98,40.06,1,1,19,15.79,78.95,57.89,52.63,10.53,5.26,0,5.26,0,0,0,5.26,0,0,0,15.79,5.26,15.79,10.53,0,10.53,0,0,10.53,5.26,5.26,0,26.32,0,10.53,0,0,5.26,0,0,5.26,0,15.79,0,10.53,5.26,0,5.26,0,5.26,0,5.26,10.53,5.26,0,0,0,5.26,0,5.26,0,0,0,0,0,0,0,0,0,0,0,0,0,0,0,0,0,0,0,0,0,0,0,0,0,0,0,0,0,0,5.26,0,0,0,0,0,0,0,0,0,5.26,5.26,0,0,0,0,0,0,0,10.53,0,0,0,0,10.53,0,0
I just heard my voice in a video and I never want to speak again,0,1,15,10.19,1,99,,15,0,86.67,86.67,66.67,20,20,20,0,0,0,0,0,13.33,6.67,0,13.33,0,20,6.67,6.67,20,0,0,0,0,0,0,20,6.67,6.67,0,0,6.67,0,0,0,0,0,0,0,0,0,0,0,0,0,0,6.67,6.67,0,0,0,0,6.67,0,0,0,0,0,0,0,0,0,0,0,0,0,0,0,0,0,0,0,0,0,0,0,0,0,6.67,0,0,0,0,0,0,0,0,13.33,0,0,6.67,0,6.67,0,13.33,6.67,0,0,0,0,0,0,0,0,0,0,0,0,0,0,0
It ' s so fantastic when you pay £ 800 a month to live in London in a fully refurbished house and wake up with water dripping on you from the upstairs en suite XXXXXX,1,1,33,93.12,94.21,71.27,67.94,33,12.12,75.76,60.61,51.52,9.09,6.06,0,0,6.06,0,0,3.03,9.09,9.09,3.03,21.21,0,9.09,9.09,0,3.03,3.03,3.03,0,0,0,0,9.09,0,3.03,0,0,0,0,3.03,0,0,3.03,3.03,0,3.03,3.03,0,0,0,0,0,6.06,0,0,0,0,0,0,6.06,0,0,0,0,0,0,0,0,6.06,0,3.03,0,3.03,0,6.06,0,0,0,0,0,0,0,0,0,0,0,0,3.03,0,0,0,0,3.03,15.15,0,0,15.15,0,0,0,6.06,0,0,0,0,0,0,0,0,3.03,0,0,0,0,3.03,0,0
Any Brandi Carlile song rips my heart out and mercilessly stomps on it until it is in a million different pieces,0,1,21,81.45,4.61,84.92,1,21,19.05,80.95,66.67,57.14,14.29,4.76,4.76,0,0,0,0,9.52,19.05,4.76,4.76,19.05,4.76,0,9.52,0,4.76,4.76,9.52,0,0,0,0,19.05,0,9.52,0,0,0,4.76,0,4.76,0,4.76,0,4.76,4.76,0,4.76,0,4.76,0,0,4.76,4.76,0,0,4.76,0,0,0,0,0,0,0,0,0,0,0,4.76,4.76,0,0,0,0,4.76,0,0,0,0,0,0,0,0,0,0,0,0,0,0,0,0,0,4.76,14.29,0,0,9.52,0,4.76,0,4.76,0,4.76,0,0,0,0,0,0,0,0,0,0,0,0,0,0
"@USER red among us guy , hes hot dont come for me",1,1,11,6.68,99,95.15,,11,0,90.91,81.82,54.55,27.27,27.27,9.09,9.09,0,9.09,0,0,0,0,0,18.18,18.18,0,0,9.09,27.27,18.18,0,9.09,9.09,0,0,18.18,0,0,0,0,0,0,0,0,0,0,0,0,0,0,0,0,0,0,0,27.27,0,0,0,0,0,0,27.27,0,0,0,18.18,0,0,0,0,0,0,0,0,0,0,0,0,0,0,0,0,0,0,0,0,0,0,0,0,0,0,0,0,9.09,36.36,0,9.09,18.18,9.09,0,9.09,0,0,18.18,0,0,0,0,0,0,18.18,0,9.09,0,0,0,9.09,0
Most people have security cameras for protection . Ours acts as a DVR,1,1,12,89.52,99,,,6,25,83.33,50,50,8.33,8.33,0,8.33,0,0,0,0,16.67,8.33,0,16.67,8.33,0,8.33,0,8.33,8.33,8.33,8.33,8.33,0,0,0,0,0,0,0,0,0,0,0,0,0,0,0,0,0,0,0,0,0,0,16.67,0,0,0,0,0,0,16.67,0,0,0,0,0,0,0,0,8.33,8.33,0,0,0,0,0,0,0,0,0,0,0,0,0,0,0,0,0,0,0,0,16.67,0,16.67,0,0,0,0,0,0,0,0,0,0,0,0,0,0,0,0,8.33,8.33,0,0,0,0,0,0
Avoid mass gatherings .. does this mean that I can stay home tomorrow as I work at a school ? No I thought not . #schoolclosure,1,1,23,14.64,1,99,,5.75,17.39,91.3,60.87,52.17,21.74,13.04,13.04,0,0,0,0,8.7,17.39,4.35,0,8.7,8.7,0,4.35,8.7,17.39,0,0,4.35,0,4.35,0,30.43,4.35,17.39,8.7,0,4.35,0,0,4.35,0,0,0,0,0,0,0,0,0,0,0,0,0,0,0,0,0,0,0,0,0,0,0,0,0,0,0,13.04,0,4.35,8.7,0,0,0,0,0,0,0,0,0,0,0,0,0,4.35,0,0,0,0,4.35,0,17.39,8.7,0,0,8.7,0,0,0,4.35,0,8.7,4.35,0,0,0,0,0,21.74,13.04,0,4.35,0,0,4.35,0
"My PS4 Pro has P . T on it , which is somewhat funny as it was taken down before the PS4 Pro was even released #konami #PT #SilentHills #Spooky #PlayableTeaser #Kojima",1,1,30,30.37,10.48,19.26,20.23,15,13.33,66.67,56.67,50,13.33,3.33,3.33,0,0,0,0,10,6.67,3.33,6.67,13.33,13.33,6.67,6.67,0,16.67,3.33,0,0,0,0,0,26.67,0,6.67,0,0,0,3.33,0,3.33,0,6.67,3.33,3.33,6.67,3.33,3.33,3.33,0,0,0,0,0,0,0,0,0,0,0,0,0,0,0,0,0,0,0,6.67,6.67,0,0,0,0,0,0,0,0,0,0,0,0,0,0,0,3.33,0,0,0,0,0,0,3.33,3.33,0,0,3.33,0,0,0,3.33,10,6.67,0,0,0,0,0,0,26.67,3.33,3.33,0,0,0,20,0
if trees would simply stop producing flammable leaves climate change would not be an issue,1,1,15,10.19,1,19.26,,15,20,66.67,46.67,46.67,0,0,0,0,0,0,0,0,6.67,6.67,0,0,20,6.67,6.67,6.67,20,0,0,0,0,0,0,46.67,0,40,0,6.67,13.33,6.67,6.67,13.33,0,0,0,0,0,0,0,0,0,0,0,0,0,0,0,0,0,0,0,0,0,0,0,0,0,0,0,6.67,0,0,6.67,0,0,0,0,0,0,0,0,0,0,0,0,0,0,0,0,0,0,0,0,13.33,0,0,0,0,0,0,0,13.33,0,0,0,0,0,0,0,0,0,0,0,0,0,0,0,0
My work email is n't working so I can just log off for the day right ? : face_with_rolling_eyes :,1,1,17,29.85,2.18,12.44,,8.5,11.76,82.35,64.71,52.94,11.76,11.76,11.76,0,0,0,0,0,11.76,5.88,0,11.76,11.76,11.76,5.88,0,17.65,0,5.88,11.76,0,11.76,0,17.65,0,5.88,0,0,5.88,0,0,0,0,0,0,0,0,0,0,0,0,0,0,5.88,5.88,0,0,0,0,5.88,0,0,0,0,0,5.88,0,0,5.88,11.76,0,0,11.76,0,0,0,0,0,0,0,0,0,0,0,0,0,0,0,0,0,0,0,0,17.65,0,0,0,0,0,0,0,5.88,0,11.76,0,0,0,0,0,0,41.18,0,0,5.88,0,5.88,29.41,0
nothing quite says hello 2020 like hypothermia :p artying_face :,1,1,9,66.04,2.75,,99,9,33.33,88.89,55.56,33.33,0,0,0,0,0,0,0,0,0,0,11.11,11.11,0,11.11,0,11.11,11.11,0,0,0,0,0,0,33.33,11.11,11.11,0,0,0,11.11,0,0,0,11.11,11.11,0,0,0,0,0,0,0,0,22.22,22.22,0,11.11,0,0,22.22,0,0,0,0,0,0,0,0,0,0,0,0,0,0,0,11.11,11.11,11.11,0,0,0,0,0,0,0,0,0,0,0,0,0,0,0,11.11,0,0,0,0,0,0,0,0,0,11.11,0,11.11,11.11,0,0,0,33.33,0,0,0,0,0,33.33,0
"Incredible scenes in Nottingham , as it begins to rain for the first time this hour .",1,1,15,98.78,,93.95,97.84,15,13.33,80,73.33,53.33,13.33,0,0,0,0,0,0,13.33,20,6.67,6.67,26.67,0,0,6.67,0,6.67,13.33,13.33,0,0,0,0,20,0,0,0,0,0,0,0,0,0,6.67,6.67,0,0,0,0,0,0,0,0,0,0,0,0,0,0,0,0,0,0,0,0,0,0,0,0,0,0,0,0,0,0,0,0,0,0,0,0,0,0,0,0,0,0,0,0,0,0,0,0,13.33,6.67,0,0,6.67,0,0,0,20,0,6.67,0,0,0,0,0,0,13.33,6.67,6.67,0,0,0,0,0
I ' m ready for Lockdown # 2 . I need to make better bread .,0,1,12,89.52,1,39.59,99,6,8.33,83.33,66.67,33.33,16.67,16.67,16.67,0,0,0,0,0,0,0,8.33,16.67,0,0,0,0,16.67,16.67,0,8.33,0,8.33,0,16.67,0,16.67,0,8.33,8.33,0,0,0,0,16.67,16.67,0,0,0,0,0,0,0,0,0,0,0,0,0,0,0,0,0,0,0,0,0,0,0,0,0,0,0,0,0,0,8.33,0,0,0,0,0,0,8.33,0,8.33,0,0,0,0,0,0,0,0,33.33,0,0,0,0,0,0,0,8.33,0,0,0,0,0,0,0,0,33.33,16.67,0,0,0,8.33,8.33,0
watching twilight with sam and i can not wait to see his reaction to animatronic renesmee baby,0,1,17,64.21,12.77,1.39,,17,29.41,76.47,64.71,47.06,11.76,11.76,5.88,0,0,5.88,0,0,5.88,0,0,17.65,5.88,0,5.88,5.88,17.65,0,0,0,0,0,0,17.65,0,17.65,0,5.88,5.88,0,0,5.88,0,0,0,0,0,0,0,0,0,0,0,11.76,0,0,0,0,0,0,11.76,5.88,0,0,5.88,0,0,0,0,0,0,0,0,0,0,0,0,0,0,0,0,0,0,0,0,0,0,0,0,0,0,0,0,5.88,11.76,5.88,0,0,11.76,0,0,5.88,0,5.88,0,0,0,0,0,0,0,0,0,0,0,0,0,0
NOT OLIVIA RODRIGO TRAITOR IN THE BACKGROUND #LoveIsland,1,1,8,98.55,1,89.39,1,8,50,50,37.5,37.5,0,0,0,0,0,0,0,0,12.5,12.5,0,12.5,0,0,0,12.5,0,0,0,12.5,0,0,12.5,12.5,0,12.5,0,0,0,0,0,12.5,0,12.5,0,12.5,0,0,0,0,0,0,0,12.5,12.5,0,0,0,12.5,0,0,0,0,0,0,0,0,0,0,0,0,0,0,0,0,0,0,0,0,0,0,0,0,0,0,0,0,0,0,0,0,0,0,0,12.5,0,0,12.5,0,0,0,0,0,0,0,0,0,0,0,0,12.5,0,0,0,0,0,12.5,0
"@USER Huh . I ' m realizing now that I have never been that far away from ALL humans . I ' m surrounded by inhabited places , plus I ' ve really only visited popular cities ( did go to a cabin in the woods once , but that was with family ) . Interesting concept to think about .",0,1,50,45.65,7.28,99,50.98,12.5,14,86,74,58,14,8,8,0,0,0,0,6,14,4,2,18,8,12,4,2,16,8,6,2,2,0,0,26,4,10,6,0,0,0,2,2,0,2,2,0,0,0,0,0,0,0,0,10,2,0,0,0,0,0,4,2,0,0,0,0,0,0,0,0,0,0,0,0,0,0,0,0,0,0,0,0,0,0,0,0,0,0,0,0,0,0,2,8,14,0,2,14,0,0,0,6,8,2,0,2,2,0,2,0,24,8,4,0,0,6,6,0
apple .. as much as i want to say ‘ abs ' . no . i am typing to type ‘ and ',0,1,16,43.4,1,1.63,,4,0,87.5,81.25,62.5,12.5,12.5,12.5,0,0,0,0,0,12.5,0,0,25,6.25,0,18.75,6.25,25,6.25,6.25,0,0,0,0,18.75,6.25,6.25,0,0,6.25,0,0,0,0,0,0,0,0,0,0,0,0,0,0,12.5,12.5,0,0,0,0,12.5,0,0,0,0,0,0,0,0,0,6.25,0,0,6.25,0,0,6.25,0,0,0,0,0,0,0,0,0,6.25,0,0,0,0,0,0,0,6.25,0,0,0,0,0,0,0,0,0,6.25,0,0,0,0,0,0,50,25,0,0,0,12.5,12.5,0
"Omicron : Cases are going up , run for the hills .",1,1,9,99,,99,,9,11.11,66.67,55.56,44.44,0,0,0,0,0,0,0,0,11.11,11.11,0,22.22,11.11,0,0,0,22.22,0,0,0,0,0,0,11.11,0,0,0,0,0,0,0,0,0,0,0,0,0,0,0,0,0,0,0,0,0,0,0,0,0,0,0,0,0,0,0,0,0,0,0,0,0,0,0,0,0,0,0,0,0,0,0,0,0,0,0,0,0,0,0,0,0,0,0,0,33.33,0,22.22,11.11,0,0,0,0,0,11.11,11.11,0,0,0,0,0,33.33,11.11,11.11,0,0,0,11.11,0
Just sang all the small things at a karaoke bar in Barcelona,0,1,12,99,,3.81,,12,16.67,83.33,75,58.33,8.33,0,0,0,0,0,0,8.33,25,16.67,0,16.67,0,8.33,0,0,8.33,8.33,16.67,0,0,0,0,8.33,8.33,0,0,0,0,0,0,0,0,0,0,0,0,0,0,0,0,0,0,0,0,0,0,0,0,0,0,0,0,0,0,0,0,0,0,16.67,16.67,0,0,0,0,0,0,0,0,0,0,0,0,0,0,0,0,0,0,0,0,0,0,0,16.67,0,0,8.33,0,8.33,0,0,8.33,0,0,0,0,0,0,0,0,0,0,0,0,0,0,0
when the toilet seat is warmed up for you > > >,1,1,9,66.04,99,77.17,,9,0,77.78,77.78,66.67,11.11,11.11,0,0,11.11,0,0,0,11.11,11.11,0,22.22,11.11,11.11,11.11,0,11.11,11.11,0,0,0,0,0,22.22,0,0,0,0,0,0,0,0,0,0,0,0,0,0,0,0,0,0,0,11.11,0,0,0,0,0,0,11.11,0,0,0,0,0,0,0,0,0,0,0,0,0,0,0,0,0,0,0,0,0,0,0,0,0,0,0,0,0,0,0,0,0,22.22,0,0,11.11,0,0,11.11,11.11,0,11.11,0,0,0,0,0,0,33.33,0,0,0,0,0,33.33,0
"knew one coworker recently had a baby , but did n't send us pictures so far . People are curious , so I tacked up a stock photo of an ugly baby .",0,1,29,47.93,96.58,86.26,1.05,14.5,13.79,82.76,62.07,48.28,6.9,6.9,3.45,3.45,0,0,0,0,13.79,10.34,3.45,6.9,10.34,6.9,10.34,0,17.24,6.9,3.45,6.9,6.9,0,0,24.14,0,10.34,6.9,0,0,0,0,3.45,0,3.45,0,3.45,0,0,0,0,0,0,0,17.24,0,0,0,0,0,0,17.24,6.9,0,0,0,0,0,0,0,3.45,0,0,3.45,0,0,0,0,0,0,0,0,0,0,0,0,0,0,0,0,0,0,0,3.45,3.45,6.9,0,0,6.9,0,0,0,3.45,10.34,3.45,0,0,0,0,0,0,17.24,6.9,6.9,0,0,3.45,0,0
I absolutely love it when its pouring down with rain on a Monday morning and I forget my umbrella !,1,1,19,22.98,1,99,92.27,19,21.05,84.21,68.42,63.16,26.32,15.79,15.79,0,0,0,0,10.53,15.79,5.26,0,15.79,0,10.53,10.53,0,5.26,0,0,0,0,0,0,26.32,0,10.53,0,0,0,0,5.26,0,5.26,5.26,5.26,0,5.26,5.26,0,0,0,0,0,5.26,5.26,0,0,0,0,0,0,0,0,0,0,0,0,0,0,0,0,0,0,0,0,0,0,0,0,0,0,0,0,0,0,0,0,0,0,0,0,0,0,5.26,5.26,0,0,5.26,0,0,0,15.79,0,5.26,0,5.26,0,5.26,0,0,5.26,0,0,0,5.26,0,0,0
"@USER @USER The % you quote is of those eligible . This is surely misleading ?",0,1,13,14.06,98.04,2.93,,6.5,15.38,69.23,61.54,61.54,23.08,7.69,0,0,7.69,0,0,15.38,23.08,7.69,0,7.69,15.38,7.69,0,0,15.38,0,0,0,0,0,0,30.77,0,15.38,0,7.69,0,0,7.69,0,0,0,0,0,0,0,0,0,0,0,0,15.38,7.69,0,0,0,0,0,7.69,0,0,0,0,0,0,0,0,0,0,0,0,0,0,0,0,0,0,0,0,0,0,0,0,0,0,0,0,0,0,0,0,0,7.69,0,0,7.69,0,0,0,0,0,15.38,0,0,0,0,0,0,38.46,7.69,0,7.69,0,0,23.08,0
"USA is turning into the 40 - something uncle who turns up to the wedding reception , gets drunk & takes the mic from the band to sing Sweet Caroline , but gets all the words wrong . Highly entertaining but a total fucking train wreck that you ' re glad you do n't have to see more often .",0,1,53,91.9,81.19,18.63,94.44,26.5,13.21,81.13,67.92,45.28,9.43,5.66,0,0,3.77,0,0,3.77,16.98,11.32,1.89,11.32,5.66,1.89,3.77,0,18.87,11.32,5.66,1.89,1.89,0,0,16.98,1.89,7.55,0,0,0,3.77,0,3.77,0,11.32,7.55,1.89,3.77,3.77,0,0,0,0,1.89,13.21,5.66,0,0,0,1.89,1.89,9.43,3.77,0,0,1.89,0,0,0,0,3.77,3.77,0,0,0,0,3.77,0,0,0,0,1.89,0,1.89,0,3.77,0,5.66,0,0,0,0,0,0,1.89,13.21,0,3.77,3.77,1.89,1.89,0,1.89,0,9.43,3.77,0,0,0,0,0,15.09,3.77,3.77,0,0,3.77,3.77,0
"ANY PENSIONER AND 4 YEAR OLD WHO DARE TAKE ME ON AT DINOSAUR THEMED CRAZY GOLF WILL BE CRUSHED , CRUSHED I TELL YOU . HTTPURL",1,1,24,37.3,64.67,39.59,,12,20.83,83.33,62.5,41.67,16.67,16.67,8.33,0,4.17,0,0,0,4.17,0,4.17,8.33,8.33,0,4.17,0,16.67,8.33,4.17,0,0,0,0,16.67,0,4.17,0,0,0,4.17,0,0,0,4.17,0,0,4.17,0,0,0,0,0,0,12.5,4.17,0,0,0,0,4.17,8.33,0,0,0,0,4.17,0,0,4.17,8.33,4.17,0,4.17,4.17,0,0,0,0,0,0,0,0,0,0,0,0,4.17,0,0,0,0,4.17,0,8.33,0,0,0,0,0,0,0,8.33,0,0,4.17,0,0,0,0,0,8.33,4.17,4.17,0,0,0,0,0
"@USER @USER @USER @USER @USER We are tackling men on inclusivity . As I said , you do n't want to hear or see it because you refuse to read more than newspapers , you do n't read actual experiences , you do n't read our conversations because you ' re too hateful to care .",0,1,50,23.71,99,1.46,4.56,25,16,76,66,46,18,16,2,4,10,0,0,2,2,0,0,12,8,2,10,0,26,2,2,6,4,0,2,14,0,10,0,4,2,2,0,4,0,6,2,4,2,0,2,0,2,0,0,26,10,2,0,2,2,4,16,0,0,0,2,0,0,0,0,0,0,0,0,0,0,0,0,0,0,0,0,0,0,0,0,2,0,0,0,0,0,0,0,2,6,0,2,0,2,2,0,0,2,2,0,0,0,0,0,0,28,4,6,0,0,8,10,0
"Horse dancing is my new favorite Olympic sport , I have no clue what ' s happening , but this is incredible",1,1,19,1,1,99,99,19,26.32,89.47,73.68,47.37,21.05,10.53,10.53,0,0,0,0,10.53,15.79,0,0,0,15.79,0,5.26,5.26,26.32,15.79,0,0,0,0,0,31.58,5.26,10.53,5.26,0,0,0,0,5.26,0,15.79,15.79,0,0,0,0,0,0,0,0,5.26,5.26,0,0,0,0,0,0,0,0,0,0,0,0,0,0,15.79,15.79,0,0,0,0,0,0,0,0,0,0,0,0,0,0,0,0,0,0,0,0,0,0,10.53,5.26,0,5.26,0,0,0,0,5.26,0,10.53,0,0,0,0,0,0,15.79,0,10.53,0,0,5.26,0,0
"@USER This game was the best $ 4.95 dollars I ' ve ever spent Dex , can't wait for your next game ! :)",0,1,20,26.1,15.75,63.35,90.5,10,5,85,70,40,15,10,5,0,5,0,0,5,15,5,5,5,10,5,0,5,20,10,5,5,0,5,0,25,5,5,0,0,5,0,0,5,0,5,5,0,5,5,0,0,0,0,0,5,0,0,0,0,0,0,5,0,0,0,0,0,0,0,0,20,10,0,0,10,0,0,0,0,0,0,0,0,0,0,0,0,0,0,0,0,0,0,0,5,0,0,0,0,0,0,0,15,10,5,0,5,5,0,0,0,45,5,5,0,5,10,20,0
2000s songs are so infectiously rhythmic and boppy i love it,0,1,11,1,5.27,50.45,99,11,18.18,90.91,45.45,45.45,18.18,9.09,9.09,0,0,0,0,9.09,0,0,9.09,0,9.09,9.09,18.18,0,9.09,0,0,0,0,0,0,18.18,0,0,0,0,0,0,0,0,0,9.09,9.09,0,9.09,9.09,0,0,0,0,0,9.09,9.09,0,0,0,0,0,0,0,0,0,0,0,0,0,0,9.09,9.09,0,0,0,0,9.09,9.09,9.09,0,0,0,0,0,0,0,0,0,0,0,0,0,0,0,9.09,9.09,0,0,0,0,9.09,0,9.09,0,9.09,0,0,0,0,0,0,0,0,0,0,0,0,0,0
another week really does start tomorrow ... :d isappointed_face :,0,1,8,5.64,1.71,99,,4,37.5,75,62.5,37.5,12.5,0,0,0,0,0,0,12.5,12.5,0,0,0,12.5,12.5,0,0,25,0,25,0,0,0,0,62.5,0,25,0,0,0,0,12.5,12.5,0,0,0,0,0,0,0,0,0,0,0,0,0,0,0,0,0,0,0,0,0,0,0,0,0,0,0,0,0,0,0,0,0,0,0,0,0,0,0,0,0,0,0,0,0,0,0,0,0,0,0,12.5,0,0,0,0,0,0,0,37.5,0,12.5,12.5,0,0,0,0,0,75,37.5,0,0,0,0,37.5,0
teams is down what a shame I can't do my assignments :backhand_index_pointing_right: :medium_skin_tone: :backhand_index_pointing_left: :medium_skin_tone:,1,1,15,10.19,1,63.35,1,15,33.33,73.33,53.33,53.33,20,13.33,13.33,0,0,0,0,6.67,13.33,6.67,0,6.67,20,0,0,6.67,20,0,0,6.67,6.67,0,0,13.33,0,6.67,0,0,6.67,0,0,6.67,0,6.67,0,6.67,6.67,0,6.67,0,0,0,0,13.33,13.33,6.67,0,0,6.67,0,6.67,0,0,0,0,0,0,0,0,6.67,0,0,6.67,0,0,0,0,0,0,0,0,0,0,0,0,0,0,0,0,0,0,0,0,0,6.67,0,0,6.67,0,0,0,0,0,13.33,0,0,0,0,0,0,126.67,0,0,0,0,6.67,120,0
"If you joined our girl friend group , you ' ll literally break up with your bf sooner or later",0,1,18,33.38,99,96.01,93.93,18,5.56,83.33,66.67,44.44,22.22,22.22,0,5.56,16.67,0,0,0,11.11,0,0,11.11,0,0,11.11,0,5.56,11.11,0,27.78,27.78,0,0,27.78,0,11.11,0,0,0,11.11,0,11.11,0,5.56,5.56,0,0,0,0,0,0,0,0,44.44,0,0,0,0,0,0,44.44,0,16.67,5.56,5.56,0,0,0,0,0,0,0,0,0,0,0,0,0,0,0,0,0,0,0,0,0,0,0,0,0,0,0,0,0,5.56,0,0,5.56,0,0,0,11.11,5.56,0,5.56,5.56,5.56,0,0,0,11.11,0,5.56,0,0,5.56,0,0
Harder and Ji have carried this team today,0,1,8,5.64,94.84,89.39,,8,12.5,87.5,62.5,37.5,12.5,0,0,0,0,0,0,12.5,12.5,0,0,0,12.5,0,12.5,0,25,12.5,0,12.5,12.5,0,0,12.5,0,0,0,0,0,0,0,0,0,0,0,0,0,0,0,0,0,0,0,12.5,12.5,12.5,0,0,0,0,12.5,0,0,0,0,0,0,0,0,0,0,0,0,0,0,0,0,0,0,0,0,0,0,0,0,0,0,0,0,0,0,0,0,25,12.5,0,12.5,0,0,0,0,12.5,12.5,12.5,0,0,0,0,0,0,0,0,0,0,0,0,0,0
Where does Twitter go shopping ? Went to the supermarket earlier and shelves full as usual . Only item I could n't get hold of was British : large jar of Colman ' s mustard ( much better value than the smaller ones ),0,1,38,80.4,14.81,70.28,61.63,12.67,21.05,71.05,68.42,39.47,2.63,2.63,2.63,0,0,0,0,0,7.89,5.26,0,13.16,7.89,5.26,7.89,0,18.42,23.68,10.53,2.63,0,2.63,0,15.79,0,5.26,0,0,2.63,0,0,2.63,0,2.63,2.63,0,0,0,0,0,0,0,0,0,0,0,0,0,0,0,0,0,0,0,0,2.63,0,2.63,0,2.63,0,0,0,2.63,0,0,0,0,0,0,0,0,0,0,0,0,2.63,0,2.63,0,0,0,0,10.53,10.53,0,5.26,7.89,0,0,0,5.26,7.89,2.63,0,0,0,0,0,0,18.42,2.63,0,2.63,0,5.26,7.89,0
the hurricane has been completely underwhelming,0,1,6,10.19,,,,6,50,66.67,66.67,66.67,0,0,0,0,0,0,0,0,16.67,16.67,0,0,33.33,16.67,0,0,33.33,0,0,0,0,0,0,50,0,16.67,0,0,0,0,16.67,0,0,0,0,0,0,0,0,0,0,0,0,0,0,0,0,0,0,0,0,0,0,0,0,0,0,0,0,0,0,0,0,0,0,0,0,0,0,0,0,0,0,0,0,0,0,0,0,0,0,0,0,0,0,0,0,0,0,0,0,0,16.67,16.67,0,0,0,0,0,0,0,0,0,0,0,0,0,0
I reverse imaged searched a selfie and it under visually similar images it is exclusively asian woman my am I white passing narrative is quaking,1,1,25,12.09,1,96.32,,25,32,84,64,48,20,12,12,0,0,0,0,8,8,4,0,4,12,4,4,0,16,8,0,0,0,0,0,20,0,8,0,0,0,0,0,8,0,0,0,0,0,0,0,0,0,0,0,4,0,0,0,0,0,0,4,0,0,4,0,4,0,4,0,4,4,0,0,0,0,0,0,0,0,0,0,0,0,0,0,0,0,0,0,0,0,0,0,0,24,4,4,4,12,0,0,0,0,12,0,4,4,0,0,0,0,0,0,0,0,0,0,0
who up ? who on norco ?,0,1,5,89.52,99,63.35,,2.5,0,80,80,80,40,40,0,0,0,0,0,0,0,0,0,40,0,0,0,0,0,0,0,0,0,0,0,0,0,0,0,0,0,0,0,0,0,0,0,0,0,0,0,0,0,0,0,40,0,0,0,0,0,0,40,0,0,0,0,0,0,0,0,0,0,0,0,0,0,0,0,0,0,0,0,0,0,0,0,0,0,0,0,0,0,0,0,0,20,0,0,20,0,0,0,0,0,0,0,0,0,0,0,0,40,0,0,40,0,0,0,0
Pernille deserves better,0,1,3,,,1,99,3,66.67,66.67,33.33,0,0,0,0,0,0,0,0,0,0,0,0,0,0,0,0,0,0,33.33,0,33.33,0,33.33,0,33.33,0,33.33,0,0,33.33,0,0,0,0,33.33,33.33,0,0,0,0,0,0,0,0,33.33,33.33,0,0,0,33.33,0,0,0,0,0,0,0,0,0,0,0,0,0,0,0,0,0,0,0,0,0,0,0,0,0,0,0,0,0,0,0,0,0,0,33.33,0,0,0,0,0,0,0,0,0,0,0,0,0,0,0,0,0,0,0,0,0,0,0,0
Payphone by Maroon 5 is actually a super sad song now that I ' m 22 & actually listen to the lyrics,0,1,20,69.05,15.75,7.03,20.23,20,15,85,65,50,10,5,5,0,0,0,0,5,15,10,10,10,5,15,0,0,10,10,0,0,0,0,0,20,0,10,0,0,0,0,10,0,0,10,5,5,5,0,5,0,0,5,0,5,5,0,0,0,0,5,0,0,0,0,0,5,0,0,5,5,5,0,0,0,0,0,0,0,0,0,0,0,0,0,0,0,0,0,0,0,0,0,0,5,10,5,0,0,0,10,0,5,0,10,0,0,0,0,0,0,10,0,0,0,0,5,5,0
it ' s Songkran right now in Thailand and I wish I was there : weary_face : : weary_face :,0,1,15,3.8,1.24,93.95,,15,26.67,73.33,60,53.33,20,13.33,13.33,0,0,0,0,6.67,0,0,0,6.67,6.67,13.33,6.67,0,13.33,0,0,0,0,0,0,20,0,6.67,0,0,6.67,0,0,0,0,0,0,0,0,0,0,0,0,0,0,0,0,0,0,0,0,0,0,0,0,0,0,0,0,0,0,6.67,6.67,0,0,0,0,0,0,0,0,0,0,0,0,0,0,6.67,0,0,0,0,0,0,0,13.33,20,0,0,13.33,0,6.67,0,6.67,6.67,6.67,6.67,0,0,0,0,0,46.67,0,0,0,0,6.67,40,0
"I ' m so glad I know the quadratic formula from 8th grade instead of knowing how to pay taxes , get ready for college , oh OR ANYTHING ELSE USEFUL THAT INVOLVES BECOMING AND ADULT : cowboy_hat_face : : smiling_face_with_hearts :",1,1,35,48.23,6.16,91.58,99,35,28.57,85.71,68.57,45.71,11.43,5.71,5.71,0,0,0,0,5.71,8.57,2.86,2.86,11.43,0,11.43,8.57,0,11.43,14.29,2.86,0,0,0,0,22.86,0,22.86,8.57,2.86,0,5.71,0,8.57,0,8.57,8.57,0,2.86,2.86,0,0,0,0,0,8.57,2.86,0,0,0,2.86,0,5.71,0,0,0,2.86,0,0,0,0,11.43,0,0,5.71,5.71,0,0,0,0,0,0,0,0,0,0,0,0,2.86,0,0,0,0,0,0,8.57,0,0,0,0,0,0,0,2.86,0,0,0,2.86,0,0,2.86,0,34.29,0,5.71,0,0,2.86,25.71,0
i am in severe pain while on vacation i feel robbed .,0,1,11,45.12,1,99,1,11,9.09,100,81.82,54.55,18.18,18.18,18.18,0,0,0,0,0,0,0,0,18.18,9.09,0,9.09,0,27.27,9.09,0,0,0,0,0,27.27,0,9.09,9.09,0,0,0,0,0,0,36.36,9.09,27.27,9.09,0,9.09,0,0,0,0,0,0,0,0,0,0,0,0,0,0,0,0,0,0,0,0,9.09,9.09,0,0,0,0,9.09,9.09,9.09,0,0,0,0,0,0,0,0,9.09,0,0,0,0,9.09,0,9.09,27.27,0,0,9.09,0,0,18.18,9.09,9.09,18.18,0,0,0,0,0,0,9.09,9.09,0,0,0,0,0,0
Entry level jobs that require 3 years prior experience : two_hearts : : two_hearts : ly : two_hearts : : two_hearts :,1,1,14,76.24,,72.58,,14,42.86,50,14.29,7.14,7.14,0,0,0,0,0,0,7.14,7.14,0,7.14,0,0,0,0,0,0,0,7.14,0,0,0,0,14.29,0,0,0,0,0,0,0,0,0,0,0,0,0,0,0,0,0,0,0,0,0,0,0,0,0,0,0,0,0,0,0,0,0,0,0,7.14,0,0,7.14,0,0,0,0,0,0,0,0,0,0,0,7.14,0,0,0,0,0,0,0,0,7.14,7.14,0,0,7.14,0,0,0,14.29,7.14,0,0,0,0,0,0,0,85.71,0,0,0,0,0,85.71,0
The entirety of this Super Bowl just is n't sitting right with me ( and not just because my team is n't playing ) .,0,1,22,12.37,1.08,50.45,86.79,22,18.18,90.91,72.73,59.09,13.64,9.09,9.09,0,0,0,0,4.55,13.64,4.55,0,9.09,9.09,9.09,9.09,4.55,18.18,0,4.55,4.55,4.55,0,0,18.18,0,9.09,0,4.55,0,0,0,4.55,0,4.55,4.55,0,0,0,0,0,0,0,0,4.55,4.55,4.55,0,0,0,0,4.55,0,0,0,0,0,0,0,0,13.64,13.64,0,0,0,0,0,0,0,0,0,0,0,0,0,0,0,0,0,0,0,0,0,0,4.55,4.55,0,0,4.55,0,0,0,0,0,9.09,0,0,0,0,0,0,22.73,4.55,0,0,0,9.09,9.09,0
"@USER the good shows that were cancelled for this to happen : : eye : : mouth : : eye :",0,1,14,89.52,,,98.65,14,7.14,78.57,50,42.86,14.29,0,0,0,0,0,0,14.29,21.43,7.14,0,14.29,7.14,0,0,0,14.29,0,0,0,0,0,0,7.14,0,0,0,0,0,0,0,0,0,7.14,7.14,0,7.14,7.14,0,0,0,0,0,0,0,0,0,0,0,0,0,0,0,0,0,0,0,0,0,0,0,0,0,0,0,21.43,0,0,0,0,0,0,0,0,0,0,0,0,0,0,0,0,0,7.14,14.29,0,0,0,14.29,0,0,0,7.14,0,0,0,0,0,0,0,57.14,0,0,0,0,0,57.14,0
Is there anything more “ Dad ” than calling your dad for his social security number and him saying “ I do n't know call your mother ” ? ? ?,0,1,24,5.64,99,3.81,,24,12.5,91.67,70.83,54.17,25,20.83,4.17,0,8.33,8.33,0,4.17,16.67,0,0,8.33,8.33,4.17,8.33,0,16.67,8.33,8.33,12.5,12.5,0,0,16.67,0,12.5,4.17,0,0,4.17,0,4.17,0,0,0,0,0,0,0,0,0,0,0,41.67,8.33,0,0,0,0,8.33,29.17,12.5,0,4.17,16.67,0,0,0,0,0,0,0,0,0,0,0,0,0,0,0,0,0,0,0,0,0,0,0,0,0,0,4.17,0,8.33,4.17,0,0,4.17,0,0,0,0,0,4.17,0,0,0,0,0,0,33.33,0,0,12.5,0,4.17,16.67,0
I just put my debit card PIN number into the microwave ... not doing well,0,1,14,18.12,1,99,98.65,7,7.14,85.71,71.43,57.14,14.29,14.29,14.29,0,0,0,0,0,14.29,7.14,0,7.14,7.14,14.29,0,7.14,14.29,0,7.14,0,0,0,0,7.14,0,7.14,0,0,0,0,0,7.14,0,7.14,7.14,0,0,0,0,0,0,0,0,0,0,0,0,0,0,0,0,0,0,0,0,7.14,0,0,7.14,14.29,0,7.14,0,7.14,0,0,0,0,0,0,0,0,0,0,0,0,0,0,0,0,0,0,0,0,14.29,0,7.14,7.14,0,0,0,0,0,0,0,0,0,0,0,0,21.43,21.43,0,0,0,0,0,0
"5:30 banshee-like kitten zoomies are definitely my all-time favorite alarm clock , and the sound of jewelry boxes flipping over and burnouts on the wood floor make for the calmest , most enjoyable start to any workday .",1,1,36,97.04,25.13,22.12,93.93,36,30.56,75,55.56,41.67,2.78,2.78,2.78,0,0,0,0,0,16.67,8.33,5.56,13.89,2.78,2.78,5.56,0,8.33,11.11,2.78,2.78,0,2.78,0,13.89,0,8.33,0,2.78,0,2.78,2.78,0,0,11.11,8.33,2.78,8.33,5.56,2.78,0,0,0,0,0,0,0,0,0,0,0,0,0,0,0,0,0,0,0,0,2.78,0,0,2.78,0,0,0,0,0,0,0,0,0,0,0,0,0,0,0,0,2.78,0,0,0,5.56,11.11,2.78,0,5.56,0,2.78,0,5.56,0,2.78,0,0,0,0,0,0,16.67,2.78,5.56,0,0,0,8.33,0
"Got locked out of Twitter for saying it ' s embarrassing to be an arsenal fan . That ' s not okay , but people can be abusive and racist and nothing ? ! ? Okay ! : rolling_on_the_floor_laughing : : face_with_rolling_eyes :",1,1,31,51.31,4.4,1.77,1,7.75,22.58,74.19,64.52,48.39,6.45,0,0,0,0,0,0,6.45,6.45,3.23,0,12.9,9.68,0,9.68,6.45,16.13,9.68,0,3.23,0,0,3.23,12.9,3.23,9.68,0,0,3.23,0,0,6.45,0,9.68,0,9.68,3.23,0,3.23,0,0,0,0,12.9,9.68,0,0,0,3.23,3.23,3.23,0,0,0,0,3.23,0,3.23,0,0,0,0,0,0,0,0,0,0,0,0,0,0,0,0,0,0,3.23,0,0,0,0,0,0,12.9,3.23,0,0,3.23,0,0,0,0,0,3.23,0,6.45,0,6.45,0,0,61.29,3.23,3.23,6.45,6.45,6.45,35.48,0
3rd shift down already told em bout the clowns they ' re not fans,0,1,13,74.95,7.93,81.58,,13,7.69,53.85,53.85,46.15,7.69,7.69,0,0,0,0,7.69,0,15.38,7.69,7.69,7.69,0,7.69,0,7.69,7.69,7.69,7.69,0,0,0,0,23.08,0,7.69,0,0,0,0,0,7.69,0,0,0,0,0,0,0,0,0,0,0,15.38,7.69,0,0,0,0,7.69,7.69,0,0,0,0,0,0,0,0,0,0,0,0,0,0,0,0,0,0,0,0,0,0,0,0,0,0,0,0,0,0,0,0,0,7.69,0,0,7.69,0,0,0,7.69,15.38,0,0,0,0,0,0,0,7.69,0,0,0,0,7.69,0,0
Cicadas are fucking ugly and I ' ve had the misfortune of seeing one at eye level two times this summer,0,1,20,69.05,3.95,63.35,1,20,15,90,60,50,10,5,5,0,0,0,0,5,20,5,10,10,10,0,5,0,15,5,10,0,0,0,0,20,0,0,0,0,0,0,0,0,0,15,0,10,0,0,0,0,0,0,5,0,0,0,0,0,0,0,0,0,0,0,0,0,0,0,0,0,0,0,0,0,0,5,0,0,0,0,0,0,0,0,0,0,0,0,0,0,0,5,0,5,15,0,0,5,10,0,0,10,5,5,0,0,0,0,0,0,5,0,0,0,0,5,0,0
"Stimulus checks should come with hand lotion , a face mask , and a bonus for every Instagram bingos you do",1,1,19,89.52,90.88,1,92.27,19,10.53,73.68,52.63,47.37,5.26,5.26,0,0,5.26,0,0,0,15.79,10.53,0,10.53,10.53,0,5.26,0,15.79,0,5.26,0,0,0,0,10.53,5.26,5.26,0,0,5.26,0,0,0,0,5.26,5.26,0,0,0,0,0,0,0,0,5.26,0,0,0,0,0,0,5.26,0,0,0,0,0,0,0,0,10.53,0,0,0,10.53,0,10.53,0,0,0,0,0,0,0,0,0,0,0,0,5.26,0,5.26,0,0,5.26,5.26,0,5.26,5.26,0,0,0,0,0,0,0,0,0,0,0,0,10.53,0,10.53,0,0,0,0,0
A fun musical mashup is the country music playing at the gym with the one guy playing old Eminem on his phone at full volume in the locker room shower : musical_notes : : musical_notes : : musical_notes :,1,1,33,99,74.59,13.81,99,33,21.21,81.82,54.55,36.36,3.03,3.03,0,0,0,3.03,0,0,18.18,15.15,0,15.15,3.03,0,0,0,9.09,9.09,6.06,0,0,0,0,12.12,6.06,0,0,0,0,0,0,0,0,9.09,9.09,0,3.03,3.03,0,0,0,0,0,12.12,3.03,0,0,0,0,3.03,6.06,0,0,0,6.06,3.03,0,0,3.03,24.24,18.18,6.06,0,0,0,3.03,3.03,0,3.03,0,0,0,0,0,0,0,0,0,3.03,0,0,0,0,6.06,18.18,0,0,12.12,0,6.06,0,3.03,0,3.03,0,0,0,0,0,0,27.27,0,0,0,0,0,27.27,0
"If I invite you over for dinner , it ' s my intentions of paying and making everything as my gift to you as my guest",0,1,24,26.1,40.06,89.39,,24,8.33,95.83,70.83,66.67,33.33,25,16.67,0,8.33,0,0,8.33,12.5,0,0,25,0,0,16.67,0,4.17,0,0,0,0,0,0,16.67,4.17,12.5,0,8.33,0,4.17,0,4.17,0,0,0,0,0,0,0,0,0,0,0,20.83,8.33,8.33,0,0,0,0,12.5,0,4.17,0,0,0,0,0,0,4.17,0,0,0,4.17,0,4.17,0,0,0,0,0,0,4.17,0,0,0,0,0,0,0,0,0,0,0,4.17,0,0,4.17,0,0,0,0,0,0,0,0,0,0,0,0,8.33,0,4.17,0,0,4.17,0,0
Petition to call erections social dickstanding,1,1,6,99,,,,6,50,66.67,33.33,16.67,0,0,0,0,0,0,0,0,0,0,0,16.67,0,0,0,0,0,16.67,0,0,0,0,0,0,0,0,0,0,0,0,0,0,0,0,0,0,0,0,0,0,0,0,0,33.33,16.67,0,0,0,0,16.67,0,0,0,0,0,0,0,0,0,0,0,0,0,0,0,16.67,0,0,0,0,0,16.67,0,0,0,0,0,0,0,0,0,0,0,16.67,0,0,0,0,0,0,0,0,0,0,0,0,0,0,0,0,0,0,0,0,0,0,0,0
I was today years old when I learned what Ricky Martin looks like .,0,1,13,4.85,1,99,,13,7.69,84.62,76.92,46.15,23.08,15.38,15.38,0,0,0,0,7.69,0,0,0,7.69,7.69,7.69,7.69,0,23.08,7.69,7.69,0,0,0,0,46.15,0,7.69,7.69,0,0,0,0,0,0,0,0,0,0,0,0,0,0,0,0,7.69,7.69,0,0,0,0,0,0,0,0,0,0,0,0,0,0,0,0,0,0,0,0,0,0,0,0,0,0,0,0,0,0,0,0,0,0,0,0,0,0,23.08,7.69,0,0,0,7.69,0,0,30.77,15.38,15.38,0,0,0,0,0,0,7.69,7.69,0,0,0,0,0,0
""" You think you ' re better than us because you ' re vaccinated ? ? "" Uh , yeah , yeah I do",0,1,16,1.97,99,54.55,96.74,8,12.5,87.5,81.25,50,31.25,31.25,6.25,6.25,18.75,0,0,0,0,0,0,6.25,6.25,0,12.5,0,12.5,6.25,0,12.5,6.25,6.25,0,18.75,0,18.75,6.25,6.25,0,0,0,6.25,0,6.25,6.25,0,0,0,0,0,0,0,0,25,0,0,0,0,0,0,25,0,0,0,0,0,0,0,0,0,0,0,0,0,0,6.25,6.25,6.25,0,0,0,0,0,0,0,0,0,0,0,0,0,0,0,6.25,0,0,0,0,0,0,0,0,0,0,0,18.75,0,12.5,6.25,0,50,0,12.5,12.5,0,12.5,12.5,0
Woke up at 3 am with a MAD craving for pickles . I guess that means I ' m expecting !,1,1,18,89.52,2.75,77.17,1,9,16.67,94.44,55.56,44.44,16.67,11.11,11.11,0,0,0,0,5.56,11.11,5.56,5.56,16.67,5.56,0,0,0,11.11,5.56,0,0,0,0,0,22.22,0,11.11,11.11,0,0,5.56,0,0,0,5.56,0,5.56,5.56,0,5.56,0,5.56,0,0,0,0,0,0,0,0,0,0,0,0,0,0,0,0,0,0,0,0,0,0,0,0,16.67,0,0,0,0,0,0,5.56,0,0,5.56,0,0,0,0,0,0,0,0,0,0,0,0,0,0,0,0,0,11.11,5.56,0,0,0,0,0,16.67,5.56,0,0,5.56,5.56,0,0
can we have a bit of a strong cold breeze please,0,1,11,89.52,99,1,99,11,0,90.91,81.82,54.55,9.09,9.09,0,9.09,0,0,0,0,18.18,18.18,0,9.09,18.18,0,0,0,18.18,18.18,9.09,18.18,9.09,0,9.09,9.09,0,9.09,0,0,9.09,0,0,0,0,9.09,9.09,0,0,0,0,0,0,0,0,18.18,9.09,9.09,9.09,0,0,0,9.09,0,0,0,0,0,0,0,0,0,0,0,0,0,0,0,0,0,0,0,0,0,0,0,0,0,0,0,0,0,0,0,0,9.09,9.09,0,0,0,0,0,9.09,0,0,9.09,0,0,0,0,0,0,0,0,0,0,0,0,0,0
"@USER I think you are wonderful ! I adore you ! : bread : :p eople_wrestling : : roller_coaster : : smiling_face_with_sunglasses :",0,1,14,7.34,97.11,72.58,99,4.67,28.57,71.43,64.29,35.71,28.57,28.57,14.29,0,14.29,0,0,0,0,0,0,0,7.14,0,0,0,21.43,7.14,0,0,0,0,0,14.29,0,7.14,7.14,0,0,0,0,0,0,14.29,14.29,0,14.29,14.29,0,0,0,0,0,14.29,0,0,0,0,0,0,14.29,0,0,0,0,0,0,0,0,0,0,0,0,0,0,7.14,0,0,0,0,0,0,7.14,0,0,0,0,0,0,0,0,0,0,0,0,0,0,0,0,0,0,0,0,7.14,0,7.14,7.14,0,0,0,114.29,0,0,0,14.29,0,100,0
shang chi meant so fucking much to me . i can hardly imagine what it meant to others .,0,1,17,3.11,1,97.97,,8.5,11.76,88.24,76.47,64.71,29.41,11.76,11.76,0,0,0,0,17.65,5.88,0,0,11.76,5.88,11.76,5.88,0,17.65,5.88,5.88,0,0,0,0,35.29,0,35.29,17.65,0,5.88,5.88,0,5.88,0,5.88,0,0,0,0,0,0,0,0,5.88,0,0,0,0,0,0,0,0,0,0,0,0,0,0,0,0,0,0,0,0,0,0,0,0,0,0,0,0,0,0,0,0,0,0,0,0,0,0,0,0,0,0,0,0,0,0,0,0,0,11.76,5.88,0,0,0,0,0,0,11.76,11.76,0,0,0,0,0,0
bo burnham owes me absolutely nothing but i think he should put make happy on spotify i need to sob to the burrito song,0,1,24,49.68,1,15.38,20.23,24,20.83,91.67,75,50,16.67,16.67,12.5,0,0,4.17,0,0,4.17,4.17,0,12.5,4.17,4.17,4.17,4.17,25,4.17,0,4.17,0,0,4.17,29.17,4.17,25,4.17,4.17,8.33,0,4.17,4.17,0,8.33,4.17,4.17,8.33,4.17,4.17,0,0,4.17,0,4.17,0,0,0,0,0,0,4.17,0,0,0,4.17,0,0,0,0,12.5,8.33,0,0,4.17,0,4.17,0,0,0,0,0,0,4.17,0,4.17,0,0,0,0,0,0,0,0,8.33,8.33,0,4.17,0,0,4.17,0,0,0,4.17,0,4.17,0,4.17,0,0,0,0,0,0,0,0,0,0
"@USER I do n't get anywhere near £ 500 a month on UC though . I basically get told “ you get what you get , and if you do n't like it you can fuck off and die . ” One thing ' s for certain , I would n't cross a puddle for the benefits I ' m on , let alone the Channel .",0,1,56,35.59,50.7,24.32,47.3,18.67,8.93,83.93,80.36,60.71,19.64,14.29,7.14,0,7.14,0,0,5.36,8.93,7.14,3.57,12.5,7.14,7.14,7.14,0,23.21,5.36,3.57,0,0,0,0,12.5,0,8.93,0,0,3.57,3.57,0,3.57,0,3.57,1.79,0,0,0,0,0,0,0,1.79,10.71,1.79,0,0,0,0,1.79,7.14,0,0,0,0,0,0,0,0,0,0,0,0,0,0,1.79,0,0,0,0,0,0,0,1.79,0,0,7.14,0,0,0,1.79,0,0,8.93,5.36,0,1.79,3.57,0,0,0,1.79,1.79,1.79,0,0,0,0,0,0,25,5.36,5.36,0,0,8.93,5.36,0
early cat boys ? nyanderthals,0,1,4,,99,89.39,,2,25,50,25,0,0,0,0,0,0,0,0,0,0,0,0,0,0,0,0,0,0,25,0,0,0,0,0,25,0,0,0,0,0,0,0,0,0,0,0,0,0,0,0,0,0,0,0,25,0,0,0,0,0,0,25,0,0,0,25,0,0,0,0,0,0,0,0,0,0,0,0,0,0,0,0,0,0,0,0,0,0,0,0,0,0,0,0,0,0,0,0,0,0,0,0,25,0,0,0,0,0,0,0,0,25,0,0,25,0,0,0,0
On a scale from 1 to 10 how deeply was your childhood influenced by the Hannah Montana 2 : Meet Miley Cyrus double album ? This is for research purposes .,1,1,28,96.35,79.51,2.36,75.77,14,17.86,78.57,53.57,42.86,7.14,3.57,0,0,3.57,0,0,3.57,14.29,7.14,10.71,17.86,7.14,3.57,0,0,10.71,3.57,3.57,3.57,0,0,3.57,25,0,14.29,3.57,10.71,0,0,0,0,0,3.57,3.57,0,0,0,0,0,0,0,0,10.71,7.14,0,0,0,0,0,3.57,0,0,0,0,0,0,0,0,3.57,0,0,3.57,0,0,0,0,0,0,0,0,0,0,0,0,0,0,0,0,0,0,0,3.57,3.57,0,0,0,0,0,0,0,3.57,3.57,3.57,0,0,0,0,0,0,10.71,3.57,0,3.57,0,0,3.57,0
"I heard it might be snowing ? ? ? Sounds fake , but okay ? ? ? Can anyone verify ? ? ?",1,1,13,1,7.93,2.93,1,4.33,7.69,84.62,69.23,53.85,23.08,7.69,7.69,0,0,0,0,15.38,0,0,0,0,23.08,0,7.69,0,30.77,7.69,0,0,0,0,0,30.77,0,30.77,0,0,7.69,15.38,0,7.69,0,7.69,0,7.69,0,0,0,0,0,0,0,15.38,7.69,0,0,0,7.69,0,7.69,0,0,0,0,0,0,0,0,0,0,0,0,0,0,0,0,0,0,0,0,0,0,0,0,0,0,0,0,0,0,0,0,7.69,15.38,0,0,0,0,15.38,0,0,7.69,7.69,7.69,7.69,0,7.69,0,0,76.92,0,7.69,69.23,0,0,0,0
I want to do a puzzle while drunk again,0,1,9,33.38,2.75,77.17,,9,0,100,77.78,66.67,11.11,11.11,11.11,0,0,0,0,0,11.11,11.11,0,11.11,11.11,11.11,11.11,0,22.22,0,0,0,0,0,0,33.33,0,11.11,0,0,11.11,0,0,0,0,0,0,0,0,0,0,0,0,0,0,0,0,0,0,0,0,0,0,0,0,0,0,0,0,0,0,11.11,11.11,0,0,0,0,11.11,0,0,0,0,11.11,0,0,0,0,11.11,0,0,0,0,0,0,0,0,0,0,0,0,0,0,0,22.22,0,0,0,0,0,0,0,0,0,0,0,0,0,0,0,0
